posting_id,title,company,category,location,seniority,description,posted_date
1,Data Quality Analyst,Datavantis,Data Quality Analyst,"Berlin, Germany",Junior,"We are looking for a Data Quality Analyst to join our growing team. You will work closely with cross-functional stakeholders to partner with product and engineering teams and automate reporting workflows. Strong hands-on experience with data governance, data profiling, and data validation is required. Familiarity with Python is a plus. This is a great opportunity to grow your career in a fast-paced, data-driven environment.",2026-07-02
2,Data Analyst,Meridian Labs,Data Analyst,"London, UK",Entry,"Join Meridian Labs as a Data Analyst! In this role you'll translate business requirements into technical specifications and support experimentation and A/B testing to help drive business decisions. We're looking for someone proficient in A/B testing and Tableau, with working knowledge of stakeholder communication. Experience with data visualization is preferred but not required.",2026-07-09
3,Senior Data Scientist,BrightPath AI,Data Scientist,"Berlin, Germany",Junior,"Join BrightPath AI as a Senior Data Scientist! In this role you'll optimize database queries and build and maintain dashboards to help drive business decisions. We're looking for someone proficient in statistics and A/B testing, with working knowledge of machine learning. Experience with deep learning is preferred but not required.",2026-02-06
4,Data Engineer,Anchorpoint AI,Data Engineer,"Toronto, Canada",Entry,"Join Anchorpoint AI as a Data Engineer! In this role you'll conduct root-cause analysis and document functional specifications to help drive business decisions. We're looking for someone proficient in Docker and Python, with working knowledge of PostgreSQL. Experience with Spark is preferred but not required.",2026-01-11
5,Data Analyst,Pinegrove Solutions,Data Analyst,"London, UK",Mid,"Join Pinegrove Solutions as a Data Analyst! In this role you'll validate data quality and support experimentation and A/B testing to help drive business decisions. We're looking for someone proficient in Excel and Tableau, with working knowledge of stakeholder communication. Experience with data visualization is preferred but not required.",2026-04-11
6,Applied Data Scientist,Anchorpoint AI,Data Scientist,"Bengaluru, India",Junior,"Anchorpoint AI is hiring a Applied Data Scientist to support our data and analytics function. Responsibilities include optimize database queries, validate data quality, and collaborating with engineering and product teams. Ideal candidates have practical experience with deep learning, statistics, and scikit-learn, along with a solid foundation in XGBoost.",2026-06-26
7,Data Scientist,Skylark Data,Data Scientist,"New York, USA",Senior,"As a Data Scientist at Skylark Data, you will translate business requirements into technical specifications, conduct root-cause analysis, and partner with stakeholders across the business. Core requirements include SQL, machine learning, and statistics. Bonus points for exposure to A/B testing.",2026-01-27
8,ML Engineer,Quanta Systems,ML Engineer,Remote,Junior,"Join Quanta Systems as a ML Engineer! In this role you'll document functional specifications and optimize database queries to help drive business decisions. We're looking for someone proficient in deep learning and feature engineering, with working knowledge of Docker. Experience with AWS is preferred but not required.",2026-06-05
9,Business Systems Analyst,Northbridge Analytics,Business Analyst,"Kathmandu, Nepal",Entry,"As a Business Systems Analyst at Northbridge Analytics, you will build and maintain dashboards, optimize database queries, and partner with stakeholders across the business. Core requirements include Jira, Agile, and process mapping. Bonus points for exposure to Excel.",2026-03-13
10,Business Systems Analyst,Lumen Analytics,Business Analyst,"Kathmandu, Nepal",Entry,"Lumen Analytics is hiring a Business Systems Analyst to support our data and analytics function. Responsibilities include validate data quality, optimize database queries, and collaborating with engineering and product teams. Ideal candidates have practical experience with data validation, Excel, and functional specifications, along with a solid foundation in SQL.",2026-05-04
11,Business Analyst,Lumen Analytics,Business Analyst,"Bengaluru, India",Mid,"We are looking for a Business Analyst to join our growing team. You will work closely with cross-functional stakeholders to design data pipelines and automate reporting workflows. Strong hands-on experience with data validation, stakeholder communication, and Jira is required. Familiarity with UAT is a plus. This is a great opportunity to grow your career in a fast-paced, data-driven environment.",2026-03-07
12,Data Analyst,Havenwood Tech,Data Analyst,"New York, USA",Mid,"We are looking for a Data Analyst to join our growing team. You will work closely with cross-functional stakeholders to build and maintain dashboards and support experimentation and A/B testing. Strong hands-on experience with Tableau, SQL, and stakeholder communication is required. Familiarity with Excel is a plus. This is a great opportunity to grow your career in a fast-paced, data-driven environment.",2026-02-24
13,Data Scientist II,Pinegrove Solutions,Data Scientist,"Toronto, Canada",Junior,"Join Pinegrove Solutions as a Data Scientist II! In this role you'll automate reporting workflows and translate business requirements into technical specifications to help drive business decisions. We're looking for someone proficient in SQL and deep learning, with working knowledge of feature engineering. Experience with statistics is preferred but not required.",2026-01-20
14,Data Governance Analyst,Orbit Data Co,Data Quality Analyst,"Dublin, Ireland",Senior,"Orbit Data Co is hiring a Data Governance Analyst to support our data and analytics function. Responsibilities include develop predictive models, analyze large datasets, and collaborating with engineering and product teams. Ideal candidates have practical experience with data validation, data governance, and Excel, along with a solid foundation in SQL.",2026-07-09
15,Data Analyst,Meridian Labs,Data Analyst,"Bengaluru, India",Entry,"As a Data Analyst at Meridian Labs, you will validate data quality, conduct root-cause analysis, and partner with stakeholders across the business. Core requirements include pandas, Excel, and A/B testing. Bonus points for exposure to Tableau.",2026-06-07
16,Data Quality Specialist,Kestrel Technologies,Data Quality Analyst,"Toronto, Canada",Junior,"As a Data Quality Specialist at Kestrel Technologies, you will build and maintain dashboards, conduct root-cause analysis, and partner with stakeholders across the business. Core requirements include metadata management, data cleansing, and data governance. Bonus points for exposure to SQL.",2026-03-27
17,Machine Learning Engineer,Pinegrove Solutions,ML Engineer,"Bengaluru, India",Entry,"As a Machine Learning Engineer at Pinegrove Solutions, you will translate business requirements into technical specifications, partner with product and engineering teams, and partner with stakeholders across the business. Core requirements include AWS, Kubernetes, and PyTorch. Bonus points for exposure to MLOps.",2026-05-25
18,ETL Developer,Meridian Labs,Data Engineer,"Bengaluru, India",Senior,"Meridian Labs is hiring a ETL Developer to support our data and analytics function. Responsibilities include analyze large datasets, build and maintain dashboards, and collaborating with engineering and product teams. Ideal candidates have practical experience with PostgreSQL, Python, and SQL, along with a solid foundation in Kafka.",2026-03-08
19,ML Engineer,Fieldstone Group,ML Engineer,Singapore,Entry,"Join Fieldstone Group as a ML Engineer! In this role you'll validate data quality and support experimentation and A/B testing to help drive business decisions. We're looking for someone proficient in TensorFlow and AWS, with working knowledge of Python. Experience with CI/CD is preferred but not required.",2026-02-18
20,Data Quality Specialist,Orbit Data Co,Data Quality Analyst,Remote,Junior,"We are looking for a Data Quality Specialist to join our growing team. You will work closely with cross-functional stakeholders to partner with product and engineering teams and automate reporting workflows. Strong hands-on experience with ETL, data governance, and SQL is required. Familiarity with reporting is a plus. This is a great opportunity to grow your career in a fast-paced, data-driven environment.",2026-06-26
21,Data Analyst II,Lumen Analytics,Data Analyst,"Dublin, Ireland",Junior,"We are looking for a Data Analyst II to join our growing team. You will work closely with cross-functional stakeholders to build and maintain dashboards and document functional specifications. Strong hands-on experience with SQL, A/B testing, and Excel is required. Familiarity with Power BI is a plus. This is a great opportunity to grow your career in a fast-paced, data-driven environment.",2026-05-11
22,Machine Learning Engineer,Havenwood Tech,ML Engineer,"Sydney, Australia",Junior,"Join Havenwood Tech as a Machine Learning Engineer! In this role you'll optimize database queries and conduct root-cause analysis to help drive business decisions. We're looking for someone proficient in CI/CD and feature engineering, with working knowledge of Python. Experience with PyTorch is preferred but not required.",2026-05-19
23,Data Quality Specialist,BrightPath AI,Data Quality Analyst,"London, UK",Mid,"We are looking for a Data Quality Specialist to join our growing team. You will work closely with cross-functional stakeholders to develop predictive models and build and maintain dashboards. Strong hands-on experience with data cleansing, data profiling, and ETL is required. Familiarity with data governance is a plus. This is a great opportunity to grow your career in a fast-paced, data-driven environment.",2026-02-16
24,Data Analyst,Lumen Analytics,Data Analyst,"London, UK",Mid,"Lumen Analytics is hiring a Data Analyst to support our data and analytics function. Responsibilities include develop predictive models, validate data quality, and collaborating with engineering and product teams. Ideal candidates have practical experience with Power BI, pandas, and Excel, along with a solid foundation in Tableau.",2026-02-21
25,Data Governance Analyst,Kestrel Technologies,Data Quality Analyst,"Dublin, Ireland",Entry,"We are looking for a Data Governance Analyst to join our growing team. You will work closely with cross-functional stakeholders to validate data quality and build and maintain dashboards. Strong hands-on experience with Excel, ETL, and data validation is required. Familiarity with metadata management is a plus. This is a great opportunity to grow your career in a fast-paced, data-driven environment.",2026-06-01
26,Senior Data Engineer,Kestrel Technologies,Data Engineer,"London, UK",Mid,"We are looking for a Senior Data Engineer to join our growing team. You will work closely with cross-functional stakeholders to support experimentation and A/B testing and validate data quality. Strong hands-on experience with Airflow, data pipelines, and Spark is required. Familiarity with PostgreSQL is a plus. This is a great opportunity to grow your career in a fast-paced, data-driven environment.",2026-03-24
27,Data Engineer,Datavantis,Data Engineer,"New York, USA",Junior,"We are looking for a Data Engineer to join our growing team. You will work closely with cross-functional stakeholders to automate reporting workflows and optimize database queries. Strong hands-on experience with data pipelines, Spark, and ETL is required. Familiarity with data modeling is a plus. This is a great opportunity to grow your career in a fast-paced, data-driven environment.",2026-01-15
28,Data Scientist,Fieldstone Group,Data Scientist,"New York, USA",Junior,"Join Fieldstone Group as a Data Scientist! In this role you'll develop predictive models and analyze large datasets to help drive business decisions. We're looking for someone proficient in feature engineering and scikit-learn, with working knowledge of Python. Experience with SQL is preferred but not required.",2026-05-08
29,Data Quality Analyst,BrightPath AI,Data Quality Analyst,"Dublin, Ireland",Senior,"As a Data Quality Analyst at BrightPath AI, you will design data pipelines, partner with product and engineering teams, and partner with stakeholders across the business. Core requirements include reporting, data profiling, and data governance. Bonus points for exposure to data cleansing.",
30,ETL Developer,Skylark Data,Data Engineer,"London, UK",Mid,"Skylark Data is hiring a ETL Developer to support our data and analytics function. Responsibilities include support experimentation and A/B testing, translate business requirements into technical specifications, and collaborating with engineering and product teams. Ideal candidates have practical experience with ETL, Python, and Docker, along with a solid foundation in SQL.",2026-03-15
31,Senior Data Engineer,Fieldstone Group,Data Engineer,"London, UK",Junior,"We are looking for a Senior Data Engineer to join our growing team. You will work closely with cross-functional stakeholders to develop predictive models and validate data quality. Strong hands-on experience with SQL, data pipelines, and Airflow is required. Familiarity with Docker is a plus. This is a great opportunity to grow your career in a fast-paced, data-driven environment.",2026-04-30
32,ETL Developer,Pinegrove Solutions,Data Engineer,"Dublin, Ireland",Mid,"We are looking for a ETL Developer to join our growing team. You will work closely with cross-functional stakeholders to document functional specifications and validate data quality. Strong hands-on experience with SQL, Python, and Spark is required. Familiarity with ETL is a plus. This is a great opportunity to grow your career in a fast-paced, data-driven environment.",2026-03-21
33,Senior Data Engineer,Vertex Insights,Data Engineer,"Sydney, Australia",Entry,"We are looking for a Senior Data Engineer to join our growing team. You will work closely with cross-functional stakeholders to analyze large datasets and optimize database queries. Strong hands-on experience with Docker, Redshift, and Airflow is required. Familiarity with Spark is a plus. This is a great opportunity to grow your career in a fast-paced, data-driven environment.",2026-02-23
34,Data Quality Specialist,Anchorpoint AI,Data Quality Analyst,"London, UK",Mid,"We are looking for a Data Quality Specialist to join our growing team. You will work closely with cross-functional stakeholders to develop predictive models and conduct root-cause analysis. Strong hands-on experience with data cleansing, data validation, and Python is required. Familiarity with ETL is a plus. This is a great opportunity to grow your career in a fast-paced, data-driven environment.",2026-04-25
35,Business Systems Analyst,Pinegrove Solutions,Business Analyst,Singapore,Mid,"As a Business Systems Analyst at Pinegrove Solutions, you will optimize database queries, conduct root-cause analysis, and partner with stakeholders across the business. Core requirements include process mapping, Excel, and Jira. Bonus points for exposure to requirements gathering.",2026-05-27
36,Junior Business Analyst,Quanta Systems,Business Analyst,Singapore,Entry,"Join Quanta Systems as a Junior Business Analyst! In this role you'll document functional specifications and partner with product and engineering teams to help drive business decisions. We're looking for someone proficient in Excel and Agile, with working knowledge of stakeholder communication. Experience with UAT is preferred but not required.",2026-03-19
37,Data Quality Analyst,Lumen Analytics,Data Quality Analyst,"Toronto, Canada",Junior,"Join Lumen Analytics as a Data Quality Analyst! In this role you'll translate business requirements into technical specifications and conduct root-cause analysis to help drive business decisions. We're looking for someone proficient in data validation and ETL, with working knowledge of Python. Experience with SQL is preferred but not required.",2026-05-21
38,Data Scientist,Datavantis,Data Scientist,"London, UK",Senior,"Datavantis is hiring a Data Scientist to support our data and analytics function. Responsibilities include conduct root-cause analysis, document functional specifications, and collaborating with engineering and product teams. Ideal candidates have practical experience with pandas, machine learning, and XGBoost, along with a solid foundation in feature engineering.",2026-04-03
39,,Meridian Labs,ML Engineer,Remote,Entry,"As a AI Engineer at Meridian Labs, you will partner with product and engineering teams, automate reporting workflows, and partner with stakeholders across the business. Core requirements include PyTorch, AWS, and MLOps. Bonus points for exposure to TensorFlow.",2026-06-09
40,ML Engineer,Skylark Data,ML Engineer,"Toronto, Canada",Mid,"Skylark Data is hiring a ML Engineer to support our data and analytics function. Responsibilities include automate reporting workflows, support experimentation and A/B testing, and collaborating with engineering and product teams. Ideal candidates have practical experience with model deployment, CI/CD, and deep learning, along with a solid foundation in AWS.",2026-03-11
41,Applied ML Engineer,Skylark Data,ML Engineer,"London, UK",Mid,"Join Skylark Data as a Applied ML Engineer! In this role you'll support experimentation and A/B testing and build and maintain dashboards to help drive business decisions. We're looking for someone proficient in deep learning and model deployment, with working knowledge of MLOps. Experience with Docker is preferred but not required.",2026-04-16
42,Data Engineer,Clarion Health,Data Engineer,Remote,Junior,"Join Clarion Health as a Data Engineer! In this role you'll optimize database queries and partner with product and engineering teams to help drive business decisions. We're looking for someone proficient in Docker and ETL, with working knowledge of Airflow. Experience with Python is preferred but not required.",2026-03-26
43,Junior Data Analyst,Fieldstone Group,Data Analyst,Singapore,Senior,"Join Fieldstone Group as a Junior Data Analyst! In this role you'll support experimentation and A/B testing and analyze large datasets to help drive business decisions. We're looking for someone proficient in reporting and SQL, with working knowledge of stakeholder communication. Experience with data visualization is preferred but not required.",2026-04-02
44,ML Engineer,Orbit Data Co,ML Engineer,"London, UK",Mid,"As a ML Engineer at Orbit Data Co, you will develop predictive models, conduct root-cause analysis, and partner with stakeholders across the business. Core requirements include AWS, model deployment, and Python. Bonus points for exposure to feature engineering.",2026-03-13
45,Data Scientist,Havenwood Tech,Data Scientist,Singapore,Entry,"Join Havenwood Tech as a Data Scientist! In this role you'll design data pipelines and analyze large datasets to help drive business decisions. We're looking for someone proficient in machine learning and feature engineering, with working knowledge of scikit-learn. Experience with XGBoost is preferred but not required.",2026-05-17
46,Applied ML Engineer,BrightPath AI,ML Engineer,Singapore,Mid,"We are looking for a Applied ML Engineer to join our growing team. You will work closely with cross-functional stakeholders to analyze large datasets and automate reporting workflows. Strong hands-on experience with AWS, Docker, and PyTorch is required. Familiarity with model deployment is a plus. This is a great opportunity to grow your career in a fast-paced, data-driven environment.",2026-04-12
47,Data Scientist,Skylark Data,Data Scientist,"Kathmandu, Nepal",Entry,"As a Data Scientist at Skylark Data, you will translate business requirements into technical specifications, design data pipelines, and partner with stakeholders across the business. Core requirements include statistics, experimentation, and Python. Bonus points for exposure to scikit-learn.",2026-02-16
48,Senior Data Scientist,Anchorpoint AI,Data Scientist,"Berlin, Germany",Mid,"We are looking for a Senior Data Scientist to join our growing team. You will work closely with cross-functional stakeholders to validate data quality and build and maintain dashboards. Strong hands-on experience with scikit-learn, pandas, and machine learning is required. Familiarity with experimentation is a plus. This is a great opportunity to grow your career in a fast-paced, data-driven environment.",2026-02-13
49,Data Governance Analyst,Vertex Insights,Data Quality Analyst,"London, UK",Entry,"We are looking for a Data Governance Analyst to join our growing team. You will work closely with cross-functional stakeholders to validate data quality and conduct root-cause analysis. Strong hands-on experience with reporting, data governance, and data validation is required. Familiarity with Python is a plus. This is a great opportunity to grow your career in a fast-paced, data-driven environment.",2026-02-16
50,Business Data Analyst,Lumen Analytics,Data Analyst,Singapore,Mid,"We are looking for a Business Data Analyst to join our growing team. You will work closely with cross-functional stakeholders to optimize database queries and support experimentation and A/B testing. Strong hands-on experience with Excel, A/B testing, and pandas is required. Familiarity with SQL is a plus. This is a great opportunity to grow your career in a fast-paced, data-driven environment.",2026-04-09
51,Data Governance Analyst,Anchorpoint AI,Data Quality Analyst,Remote,Senior,"As a Data Governance Analyst at Anchorpoint AI, you will automate reporting workflows, support experimentation and A/B testing, and partner with stakeholders across the business. Core requirements include data profiling, Excel, and ETL. Bonus points for exposure to metadata management.",2026-02-09
52,Senior Data Engineer,Fieldstone Group,Data Engineer,"London, UK",Entry,"As a Senior Data Engineer at Fieldstone Group, you will document functional specifications, partner with product and engineering teams, and partner with stakeholders across the business. Core requirements include Spark, data modeling, and Airflow. Bonus points for exposure to data pipelines.",2026-03-06
53,Junior Data Engineer,Orbit Data Co,Data Engineer,"London, UK",Mid,"Orbit Data Co is hiring a Junior Data Engineer to support our data and analytics function. Responsibilities include automate reporting workflows, analyze large datasets, and collaborating with engineering and product teams. Ideal candidates have practical experience with Spark, AWS, and Kafka, along with a solid foundation in Redshift.",2026-03-28
54,ML Engineer,Anchorpoint AI,ML Engineer,"Toronto, Canada",Senior,"Anchorpoint AI is hiring a ML Engineer to support our data and analytics function. Responsibilities include translate business requirements into technical specifications, optimize database queries, and collaborating with engineering and product teams. Ideal candidates have practical experience with model deployment, Python, and PyTorch, along with a solid foundation in Docker.",2026-02-12
55,ETL Developer,Lumen Analytics,Data Engineer,"Dublin, Ireland",Mid,"Join Lumen Analytics as a ETL Developer! In this role you'll partner with product and engineering teams and support experimentation and A/B testing to help drive business decisions. We're looking for someone proficient in Docker and PostgreSQL, with working knowledge of AWS. Experience with Redshift is preferred but not required.",2026-05-12
56,Junior Data Analyst,BrightPath AI,Data Analyst,"Bengaluru, India",Junior,"Join BrightPath AI as a Junior Data Analyst! In this role you'll partner with product and engineering teams and document functional specifications to help drive business decisions. We're looking for someone proficient in Tableau and stakeholder communication, with working knowledge of statistics. Experience with Python is preferred but not required.",2026-05-22
57,Junior Data Engineer,BrightPath AI,Data Engineer,Remote,Mid,"Join BrightPath AI as a Junior Data Engineer! In this role you'll analyze large datasets and partner with product and engineering teams to help drive business decisions. We're looking for someone proficient in SQL and PostgreSQL, with working knowledge of ETL. Experience with Spark is preferred but not required.",2026-06-08
58,Data Governance Analyst,Northbridge Analytics,Data Quality Analyst,"Kathmandu, Nepal",Mid,"Join Northbridge Analytics as a Data Governance Analyst! In this role you'll design data pipelines and analyze large datasets to help drive business decisions. We're looking for someone proficient in metadata management and reporting, with working knowledge of Excel. Experience with data profiling is preferred but not required.",2026-03-10
59,Data Analyst,Vertex Insights,Data Analyst,"Toronto, Canada",Entry,"Join Vertex Insights as a Data Analyst! In this role you'll design data pipelines and document functional specifications to help drive business decisions. We're looking for someone proficient in reporting and data cleaning, with working knowledge of SQL. Experience with Power BI is preferred but not required.",2026-05-08
60,Data Analyst II,Kestrel Technologies,Data Analyst,"Sydney, Australia",Junior,"As a Data Analyst II at Kestrel Technologies, you will validate data quality, document functional specifications, and partner with stakeholders across the business. Core requirements include A/B testing, data visualization, and statistics. Bonus points for exposure to reporting.",2026-02-02
61,Data Analyst,Skylark Data,Data Analyst,"London, UK",Junior,"We are looking for a Data Analyst to join our growing team. You will work closely with cross-functional stakeholders to translate business requirements into technical specifications and design data pipelines. Strong hands-on experience with Python, data cleaning, and Excel is required. Familiarity with Power BI is a plus. This is a great opportunity to grow your career in a fast-paced, data-driven environment.",2026-03-28
62,AI Engineer,Quanta Systems,ML Engineer,"Kathmandu, Nepal",Junior,"Join Quanta Systems as a AI Engineer! In this role you'll conduct root-cause analysis and translate business requirements into technical specifications to help drive business decisions. We're looking for someone proficient in Docker and feature engineering, with working knowledge of model deployment. Experience with PyTorch is preferred but not required.",2026-01-31
63,Junior Business Analyst,Skylark Data,Business Analyst,"London, UK",Senior,"Skylark Data is hiring a Junior Business Analyst to support our data and analytics function. Responsibilities include design data pipelines, validate data quality, and collaborating with engineering and product teams. Ideal candidates have practical experience with requirements gathering, data validation, and stakeholder communication, along with a solid foundation in functional specifications.",2026-05-29
64,Senior Data Engineer,Orbit Data Co,Data Engineer,"Bengaluru, India",Senior,"As a Senior Data Engineer at Orbit Data Co, you will automate reporting workflows, partner with product and engineering teams, and partner with stakeholders across the business. Core requirements include Kafka, Spark, and Docker. Bonus points for exposure to data pipelines.",2026-02-07
65,Data Analyst II,Anchorpoint AI,Data Analyst,"New York, USA",Mid,"We are looking for a Data Analyst II to join our growing team. You will work closely with cross-functional stakeholders to conduct root-cause analysis and validate data quality. Strong hands-on experience with SQL, Excel, and Tableau is required. Familiarity with stakeholder communication is a plus. This is a great opportunity to grow your career in a fast-paced, data-driven environment.",2026-05-27
66,AI Engineer,Havenwood Tech,ML Engineer,"Berlin, Germany",Junior,"As a AI Engineer at Havenwood Tech, you will support experimentation and A/B testing, develop predictive models, and partner with stakeholders across the business. Core requirements include CI/CD, AWS, and model deployment. Bonus points for exposure to PyTorch.",2026-01-20
67,Junior Data Analyst,BrightPath AI,Data Analyst,Singapore,Senior,"We are looking for a Junior Data Analyst to join our growing team. You will work closely with cross-functional stakeholders to analyze large datasets and support experimentation and A/B testing. Strong hands-on experience with Python, data cleaning, and data visualization is required. Familiarity with A/B testing is a plus. This is a great opportunity to grow your career in a fast-paced, data-driven environment.",2026-04-19
68,Data Analyst II,Fieldstone Group,Data Analyst,"Dublin, Ireland",Entry,"Join Fieldstone Group as a Data Analyst II! In this role you'll analyze large datasets and translate business requirements into technical specifications to help drive business decisions. We're looking for someone proficient in data cleaning and A/B testing, with working knowledge of statistics. Experience with data visualization is preferred but not required.",2026-03-05
69,Data Governance Analyst,Skylark Data,Data Quality Analyst,"Kathmandu, Nepal",Junior,"We are looking for a Data Governance Analyst to join our growing team. You will work closely with cross-functional stakeholders to support experimentation and A/B testing and partner with product and engineering teams. Strong hands-on experience with ETL, Excel, and data profiling is required. Familiarity with metadata management is a plus. This is a great opportunity to grow your career in a fast-paced, data-driven environment.",
70,Business Analyst,Anchorpoint AI,Business Analyst,Remote,Mid,"As a Business Analyst at Anchorpoint AI, you will translate business requirements into technical specifications, build and maintain dashboards, and partner with stakeholders across the business. Core requirements include data validation, SQL, and process mapping. Bonus points for exposure to Agile.",2026-01-26
71,Senior Data Scientist,Havenwood Tech,Data Scientist,"Berlin, Germany",Mid,"Havenwood Tech is hiring a Senior Data Scientist to support our data and analytics function. Responsibilities include support experimentation and A/B testing, automate reporting workflows, and collaborating with engineering and product teams. Ideal candidates have practical experience with feature engineering, XGBoost, and pandas, along with a solid foundation in statistics.",2026-02-07
72,Junior Business Analyst,Havenwood Tech,Business Analyst,Remote,Entry,"We are looking for a Junior Business Analyst to join our growing team. You will work closely with cross-functional stakeholders to automate reporting workflows and validate data quality. Strong hands-on experience with Excel, process mapping, and functional specifications is required. Familiarity with data validation is a plus. This is a great opportunity to grow your career in a fast-paced, data-driven environment.",2026-04-25
73,Junior Business Analyst,Pinegrove Solutions,Business Analyst,"Toronto, Canada",Junior,"As a Junior Business Analyst at Pinegrove Solutions, you will develop predictive models, automate reporting workflows, and partner with stakeholders across the business. Core requirements include UAT, data validation, and Agile. Bonus points for exposure to Jira.",2026-04-19
74,Data Scientist II,Kestrel Technologies,Data Scientist,Singapore,Junior,"As a Data Scientist II at Kestrel Technologies, you will partner with product and engineering teams, optimize database queries, and partner with stakeholders across the business. Core requirements include feature engineering, Python, and A/B testing. Bonus points for exposure to XGBoost.",2026-01-25
75,Senior Data Scientist,Datavantis,Data Scientist,Remote,Mid,"As a Senior Data Scientist at Datavantis, you will analyze large datasets, design data pipelines, and partner with stakeholders across the business. Core requirements include machine learning, XGBoost, and experimentation. Bonus points for exposure to pandas.",2026-06-01
76,Data Analyst II,Skylark Data,Data Analyst,"Berlin, Germany",Mid,"As a Data Analyst II at Skylark Data, you will conduct root-cause analysis, automate reporting workflows, and partner with stakeholders across the business. Core requirements include reporting, data visualization, and Excel. Bonus points for exposure to pandas.",2026-01-31
77,Data Governance Analyst,Fieldstone Group,Data Quality Analyst,"Dublin, Ireland",Entry,"Fieldstone Group is hiring a Data Governance Analyst to support our data and analytics function. Responsibilities include conduct root-cause analysis, validate data quality, and collaborating with engineering and product teams. Ideal candidates have practical experience with reporting, data validation, and data governance, along with a solid foundation in Python.",2026-03-21
78,Data Analyst,Orbit Data Co,Data Analyst,Remote,Mid,"Join Orbit Data Co as a Data Analyst! In this role you'll validate data quality and develop predictive models to help drive business decisions. We're looking for someone proficient in SQL and stakeholder communication, with working knowledge of pandas. Experience with data cleaning is preferred but not required.",2026-05-09
79,Business Systems Analyst,Kestrel Technologies,Business Analyst,Remote,Junior,"As a Business Systems Analyst at Kestrel Technologies, you will conduct root-cause analysis, translate business requirements into technical specifications, and partner with stakeholders across the business. Core requirements include Jira, requirements gathering, and process mapping. Bonus points for exposure to Excel.",2026-06-04
80,Senior Data Scientist,Pinegrove Solutions,Data Scientist,"Berlin, Germany",Senior,"Pinegrove Solutions is hiring a Senior Data Scientist to support our data and analytics function. Responsibilities include conduct root-cause analysis, automate reporting workflows, and collaborating with engineering and product teams. Ideal candidates have practical experience with SQL, Python, and XGBoost, along with a solid foundation in experimentation.",2026-04-13
81,Business Systems Analyst,Pinegrove Solutions,Business Analyst,Singapore,Mid,"Pinegrove Solutions is hiring a Business Systems Analyst to support our data and analytics function. Responsibilities include support experimentation and A/B testing, build and maintain dashboards, and collaborating with engineering and product teams. Ideal candidates have practical experience with UAT, Excel, and stakeholder communication, along with a solid foundation in Agile.",2026-04-10
82,Business Systems Analyst,Anchorpoint AI,Business Analyst,"Berlin, Germany",Entry,"As a Business Systems Analyst at Anchorpoint AI, you will conduct root-cause analysis, analyze large datasets, and partner with stakeholders across the business. Core requirements include process mapping, Excel, and SQL. Bonus points for exposure to data validation.",2026-04-28
83,Applied Data Scientist,Meridian Labs,Data Scientist,"London, UK",Mid,"We are looking for a Applied Data Scientist to join our growing team. You will work closely with cross-functional stakeholders to validate data quality and support experimentation and A/B testing. Strong hands-on experience with experimentation, scikit-learn, and machine learning is required. Familiarity with Python is a plus. This is a great opportunity to grow your career in a fast-paced, data-driven environment.",2026-06-07
84,Business Data Analyst,BrightPath AI,Data Analyst,Singapore,Junior,"Join BrightPath AI as a Business Data Analyst! In this role you'll automate reporting workflows and partner with product and engineering teams to help drive business decisions. We're looking for someone proficient in Tableau and Power BI, with working knowledge of A/B testing. Experience with pandas is preferred but not required.",2026-05-06
85,Applied ML Engineer,Anchorpoint AI,ML Engineer,"New York, USA",Entry,"As a Applied ML Engineer at Anchorpoint AI, you will conduct root-cause analysis, partner with product and engineering teams, and partner with stakeholders across the business. Core requirements include model deployment, PyTorch, and TensorFlow. Bonus points for exposure to MLOps.",2026-02-18
86,Data Engineer,Skylark Data,Data Engineer,Singapore,Entry,"Join Skylark Data as a Data Engineer! In this role you'll develop predictive models and conduct root-cause analysis to help drive business decisions. We're looking for someone proficient in Spark and PostgreSQL, with working knowledge of Python. Experience with data modeling is preferred but not required.",2026-01-28
87,Data Engineer,Pinegrove Solutions,Data Engineer,"London, UK",Senior,"We are looking for a Data Engineer to join our growing team. You will work closely with cross-functional stakeholders to document functional specifications and translate business requirements into technical specifications. Strong hands-on experience with SQL, Redshift, and PostgreSQL is required. Familiarity with AWS is a plus. This is a great opportunity to grow your career in a fast-paced, data-driven environment.",2026-03-14
88,Data Governance Analyst,Pinegrove Solutions,Data Quality Analyst,Singapore,Entry,"We are looking for a Data Governance Analyst to join our growing team. You will work closely with cross-functional stakeholders to support experimentation and A/B testing and build and maintain dashboards. Strong hands-on experience with data profiling, SQL, and Excel is required. Familiarity with reporting is a plus. This is a great opportunity to grow your career in a fast-paced, data-driven environment.",2026-02-23
89,Senior Data Scientist,Orbit Data Co,Data Scientist,"New York, USA",Senior,"As a Senior Data Scientist at Orbit Data Co, you will support experimentation and A/B testing, document functional specifications, and partner with stakeholders across the business. Core requirements include pandas, scikit-learn, and feature engineering. Bonus points for exposure to machine learning.",2026-04-30
90,Business Data Analyst,Meridian Labs,Data Analyst,"Toronto, Canada",Senior,"Join Meridian Labs as a Business Data Analyst! In this role you'll automate reporting workflows and conduct root-cause analysis to help drive business decisions. We're looking for someone proficient in Tableau and pandas, with working knowledge of Excel. Experience with data cleaning is preferred but not required.",2026-05-01
91,Data Scientist,Fieldstone Group,Data Scientist,"Toronto, Canada",Entry,"Fieldstone Group is hiring a Data Scientist to support our data and analytics function. Responsibilities include develop predictive models, translate business requirements into technical specifications, and collaborating with engineering and product teams. Ideal candidates have practical experience with experimentation, statistics, and Python, along with a solid foundation in deep learning.",2026-05-19
92,Junior Data Analyst,Kestrel Technologies,Data Analyst,"London, UK",Junior,"Kestrel Technologies is hiring a Junior Data Analyst to support our data and analytics function. Responsibilities include validate data quality, design data pipelines, and collaborating with engineering and product teams. Ideal candidates have practical experience with pandas, Power BI, and reporting, along with a solid foundation in SQL.",2026-05-27
93,Data Analyst,Clarion Health,Data Analyst,"Kathmandu, Nepal",Mid,"We are looking for a Data Analyst to join our growing team. You will work closely with cross-functional stakeholders to design data pipelines and validate data quality. Strong hands-on experience with Tableau, reporting, and pandas is required. Familiarity with SQL is a plus. This is a great opportunity to grow your career in a fast-paced, data-driven environment.",2026-03-25
94,Business Analyst,Anchorpoint AI,Business Analyst,"Bengaluru, India",Senior,"We are looking for a Business Analyst to join our growing team. You will work closely with cross-functional stakeholders to automate reporting workflows and translate business requirements into technical specifications. Strong hands-on experience with UAT, functional specifications, and requirements gathering is required. Familiarity with stakeholder communication is a plus. This is a great opportunity to grow your career in a fast-paced, data-driven environment.",2026-01-23
95,Business Systems Analyst,Orbit Data Co,Business Analyst,"Kathmandu, Nepal",Entry,"As a Business Systems Analyst at Orbit Data Co, you will build and maintain dashboards, support experimentation and A/B testing, and partner with stakeholders across the business. Core requirements include UAT, process mapping, and data validation. Bonus points for exposure to functional specifications.",2026-06-20
96,Junior Data Engineer,Northbridge Analytics,Data Engineer,Remote,Mid,"As a Junior Data Engineer at Northbridge Analytics, you will partner with product and engineering teams, develop predictive models, and partner with stakeholders across the business. Core requirements include Redshift, data pipelines, and Kafka. Bonus points for exposure to PostgreSQL.",2026-02-25
97,ETL Developer,Lumen Analytics,Data Engineer,"Sydney, Australia",Senior,"Lumen Analytics is hiring a ETL Developer to support our data and analytics function. Responsibilities include optimize database queries, support experimentation and A/B testing, and collaborating with engineering and product teams. Ideal candidates have practical experience with Python, Kafka, and PostgreSQL, along with a solid foundation in Airflow.",2026-03-16
98,AI Engineer,Anchorpoint AI,ML Engineer,"Bengaluru, India",Mid,"As a AI Engineer at Anchorpoint AI, you will design data pipelines, conduct root-cause analysis, and partner with stakeholders across the business. Core requirements include AWS, Kubernetes, and Docker. Bonus points for exposure to CI/CD.",2026-06-19
99,Data Analyst II,Northbridge Analytics,Data Analyst,"New York, USA",Junior,"We are looking for a Data Analyst II to join our growing team. You will work closely with cross-functional stakeholders to automate reporting workflows and develop predictive models. Strong hands-on experience with A/B testing, SQL, and reporting is required. Familiarity with stakeholder communication is a plus. This is a great opportunity to grow your career in a fast-paced, data-driven environment.",2026-01-21
100,Machine Learning Engineer,Quanta Systems,ML Engineer,"Sydney, Australia",Mid,"As a Machine Learning Engineer at Quanta Systems, you will design data pipelines, conduct root-cause analysis, and partner with stakeholders across the business. Core requirements include Kubernetes, PyTorch, and deep learning. Bonus points for exposure to MLOps.",2026-06-13
101,Senior Data Engineer,Northbridge Analytics,Data Engineer,"Berlin, Germany",Junior,,2026-01-12
102,Senior Data Engineer,BrightPath AI,Data Engineer,"Kathmandu, Nepal",Junior,"We are looking for a Senior Data Engineer to join our growing team. You will work closely with cross-functional stakeholders to design data pipelines and conduct root-cause analysis. Strong hands-on experience with ETL, Redshift, and Docker is required. Familiarity with Python is a plus. This is a great opportunity to grow your career in a fast-paced, data-driven environment.",2026-02-25
103,Senior Data Scientist,Vertex Insights,Data Scientist,"Toronto, Canada",Mid,"We are looking for a Senior Data Scientist to join our growing team. You will work closely with cross-functional stakeholders to document functional specifications and partner with product and engineering teams. Strong hands-on experience with scikit-learn, A/B testing, and SQL is required. Familiarity with pandas is a plus. This is a great opportunity to grow your career in a fast-paced, data-driven environment.",2026-06-01
104,Data Scientist,Pinegrove Solutions,Data Scientist,"Bengaluru, India",Mid,"Pinegrove Solutions is hiring a Data Scientist to support our data and analytics function. Responsibilities include optimize database queries, validate data quality, and collaborating with engineering and product teams. Ideal candidates have practical experience with XGBoost, feature engineering, and experimentation, along with a solid foundation in deep learning.",2026-06-11
105,ETL Developer,Northbridge Analytics,Data Engineer,"Berlin, Germany",Senior,,2026-05-17
106,Applied Data Scientist,Quanta Systems,Data Scientist,"New York, USA",Entry,"Quanta Systems is hiring a Applied Data Scientist to support our data and analytics function. Responsibilities include design data pipelines, optimize database queries, and collaborating with engineering and product teams. Ideal candidates have practical experience with Python, XGBoost, and feature engineering, along with a solid foundation in scikit-learn.",2026-01-20
107,Data Engineer,Vertex Insights,Data Engineer,"Kathmandu, Nepal",Senior,"As a Data Engineer at Vertex Insights, you will document functional specifications, optimize database queries, and partner with stakeholders across the business. Core requirements include SQL, data modeling, and Python. Bonus points for exposure to AWS.",2026-03-26
108,Data Engineer,Vertex Insights,Data Engineer,"Kathmandu, Nepal",Mid,"We are looking for a Data Engineer to join our growing team. You will work closely with cross-functional stakeholders to build and maintain dashboards and optimize database queries. Strong hands-on experience with ETL, Redshift, and data modeling is required. Familiarity with AWS is a plus. This is a great opportunity to grow your career in a fast-paced, data-driven environment.",2026-02-10
109,Machine Learning Engineer,Vertex Insights,ML Engineer,"Berlin, Germany",Mid,"We are looking for a Machine Learning Engineer to join our growing team. You will work closely with cross-functional stakeholders to automate reporting workflows and conduct root-cause analysis. Strong hands-on experience with MLOps, Kubernetes, and TensorFlow is required. Familiarity with PyTorch is a plus. This is a great opportunity to grow your career in a fast-paced, data-driven environment.",2026-05-22
110,Senior Data Engineer,Anchorpoint AI,Data Engineer,Remote,Junior,"Anchorpoint AI is hiring a Senior Data Engineer to support our data and analytics function. Responsibilities include design data pipelines, document functional specifications, and collaborating with engineering and product teams. Ideal candidates have practical experience with Python, ETL, and Spark, along with a solid foundation in Airflow.",2026-01-24
111,Junior Data Analyst,Skylark Data,Data Analyst,"Toronto, Canada",Senior,"Skylark Data is hiring a Junior Data Analyst to support our data and analytics function. Responsibilities include conduct root-cause analysis, develop predictive models, and collaborating with engineering and product teams. Ideal candidates have practical experience with reporting, stakeholder communication, and statistics, along with a solid foundation in pandas.",2026-03-12
112,Applied ML Engineer,Skylark Data,ML Engineer,"Berlin, Germany",Entry,,2026-06-21
113,Data Quality Analyst,Kestrel Technologies,Data Quality Analyst,"Sydney, Australia",Senior,"Kestrel Technologies is hiring a Data Quality Analyst to support our data and analytics function. Responsibilities include document functional specifications, conduct root-cause analysis, and collaborating with engineering and product teams. Ideal candidates have practical experience with metadata management, Excel, and SQL, along with a solid foundation in data governance.",2026-03-11
114,Business Analyst,Datavantis,Business Analyst,"Toronto, Canada",Entry,"As a Business Analyst at Datavantis, you will translate business requirements into technical specifications, support experimentation and A/B testing, and partner with stakeholders across the business. Core requirements include functional specifications, requirements gathering, and Jira. Bonus points for exposure to SQL.",2026-02-04
115,Applied Data Scientist,BrightPath AI,Data Scientist,"Berlin, Germany",Senior,"We are looking for a Applied Data Scientist to join our growing team. You will work closely with cross-functional stakeholders to build and maintain dashboards and develop predictive models. Strong hands-on experience with feature engineering, A/B testing, and Python is required. Familiarity with pandas is a plus. This is a great opportunity to grow your career in a fast-paced, data-driven environment.",2026-04-03
116,Senior Data Engineer,Anchorpoint AI,Data Engineer,"Sydney, Australia",Junior,"As a Senior Data Engineer at Anchorpoint AI, you will develop predictive models, validate data quality, and partner with stakeholders across the business. Core requirements include AWS, Python, and Redshift. Bonus points for exposure to ETL.",2026-06-19
117,ETL Developer,Pinegrove Solutions,Data Engineer,"New York, USA",Junior,"As a ETL Developer at Pinegrove Solutions, you will conduct root-cause analysis, partner with product and engineering teams, and partner with stakeholders across the business. Core requirements include data pipelines, Kafka, and PostgreSQL. Bonus points for exposure to Python.",2026-07-06
118,Senior Data Engineer,Clarion Health,Data Engineer,"London, UK",Mid,"Join Clarion Health as a Senior Data Engineer! In this role you'll design data pipelines and build and maintain dashboards to help drive business decisions. We're looking for someone proficient in data modeling and Airflow, with working knowledge of data pipelines. Experience with ETL is preferred but not required.",2026-06-15
119,Junior Business Analyst,Fieldstone Group,Business Analyst,"Dublin, Ireland",Entry,"Fieldstone Group is hiring a Junior Business Analyst to support our data and analytics function. Responsibilities include design data pipelines, partner with product and engineering teams, and collaborating with engineering and product teams. Ideal candidates have practical experience with functional specifications, Jira, and process mapping, along with a solid foundation in requirements gathering.",2026-06-29
120,Applied ML Engineer,Pinegrove Solutions,ML Engineer,"London, UK",Senior,"Join Pinegrove Solutions as a Applied ML Engineer! In this role you'll automate reporting workflows and translate business requirements into technical specifications to help drive business decisions. We're looking for someone proficient in CI/CD and Docker, with working knowledge of model deployment. Experience with MLOps is preferred but not required.",2026-03-12
121,Applied Data Scientist,Pinegrove Solutions,Data Scientist,"Sydney, Australia",Senior,"Pinegrove Solutions is hiring a Applied Data Scientist to support our data and analytics function. Responsibilities include design data pipelines, translate business requirements into technical specifications, and collaborating with engineering and product teams. Ideal candidates have practical experience with XGBoost, SQL, and feature engineering, along with a solid foundation in deep learning.",2026-06-27
122,Data Governance Analyst,Fieldstone Group,Data Quality Analyst,"New York, USA",Entry,"As a Data Governance Analyst at Fieldstone Group, you will design data pipelines, validate data quality, and partner with stakeholders across the business. Core requirements include Excel, data validation, and ETL. Bonus points for exposure to SQL.",2026-06-03
123,Machine Learning Engineer,Havenwood Tech,ML Engineer,"London, UK",Senior,"Join Havenwood Tech as a Machine Learning Engineer! In this role you'll optimize database queries and automate reporting workflows to help drive business decisions. We're looking for someone proficient in Kubernetes and Python, with working knowledge of AWS. Experience with CI/CD is preferred but not required.",2026-06-20
124,Junior Data Engineer,Datavantis,Data Engineer,"New York, USA",Entry,"Join Datavantis as a Junior Data Engineer! In this role you'll design data pipelines and analyze large datasets to help drive business decisions. We're looking for someone proficient in Kafka and data pipelines, with working knowledge of AWS. Experience with ETL is preferred but not required.",2026-03-12
125,Data Quality Analyst,Skylark Data,Data Quality Analyst,"Toronto, Canada",Senior,"Skylark Data is hiring a Data Quality Analyst to support our data and analytics function. Responsibilities include validate data quality, translate business requirements into technical specifications, and collaborating with engineering and product teams. Ideal candidates have practical experience with reporting, SQL, and data validation, along with a solid foundation in Excel.",2026-02-05
126,Business Systems Analyst,Northbridge Analytics,Business Analyst,"Berlin, Germany",Junior,"As a Business Systems Analyst at Northbridge Analytics, you will optimize database queries, conduct root-cause analysis, and partner with stakeholders across the business. Core requirements include Excel, requirements gathering, and SQL. Bonus points for exposure to data validation.",2026-03-05
127,Junior Business Analyst,Datavantis,Business Analyst,"Dublin, Ireland",Junior,"Datavantis is hiring a Junior Business Analyst to support our data and analytics function. Responsibilities include document functional specifications, develop predictive models, and collaborating with engineering and product teams. Ideal candidates have practical experience with Jira, Excel, and process mapping, along with a solid foundation in SQL.",2026-05-24
128,Data Quality Specialist,Northbridge Analytics,Data Quality Analyst,"Dublin, Ireland",Mid,"As a Data Quality Specialist at Northbridge Analytics, you will support experimentation and A/B testing, analyze large datasets, and partner with stakeholders across the business. Core requirements include data validation, Excel, and SQL. Bonus points for exposure to data governance.",2026-05-07
129,Data Quality Analyst,BrightPath AI,Data Quality Analyst,"Bengaluru, India",Mid,"Join BrightPath AI as a Data Quality Analyst! In this role you'll analyze large datasets and develop predictive models to help drive business decisions. We're looking for someone proficient in data governance and data validation, with working knowledge of Python. Experience with Excel is preferred but not required.",2026-05-27
130,Data Governance Analyst,Anchorpoint AI,Data Quality Analyst,"Toronto, Canada",Junior,"We are looking for a Data Governance Analyst to join our growing team. You will work closely with cross-functional stakeholders to validate data quality and translate business requirements into technical specifications. Strong hands-on experience with data profiling, data validation, and metadata management is required. Familiarity with SQL is a plus. This is a great opportunity to grow your career in a fast-paced, data-driven environment.",2026-06-30
131,Senior Data Engineer,Lumen Analytics,Data Engineer,Singapore,Senior,"Join Lumen Analytics as a Senior Data Engineer! In this role you'll develop predictive models and analyze large datasets to help drive business decisions. We're looking for someone proficient in Spark and SQL, with working knowledge of Airflow. Experience with Kafka is preferred but not required.",2026-04-07
132,AI Engineer,Anchorpoint AI,ML Engineer,"Toronto, Canada",Senior,"Join Anchorpoint AI as a AI Engineer! In this role you'll develop predictive models and automate reporting workflows to help drive business decisions. We're looking for someone proficient in Kubernetes and TensorFlow, with working knowledge of model deployment. Experience with deep learning is preferred but not required.",2026-03-24
133,Data Analyst II,Kestrel Technologies,Data Analyst,Remote,Mid,"Join Kestrel Technologies as a Data Analyst II! In this role you'll conduct root-cause analysis and validate data quality to help drive business decisions. We're looking for someone proficient in pandas and Excel, with working knowledge of data cleaning. Experience with stakeholder communication is preferred but not required.",2026-03-23
134,Senior Data Scientist,BrightPath AI,Data Scientist,"Toronto, Canada",Entry,"We are looking for a Senior Data Scientist to join our growing team. You will work closely with cross-functional stakeholders to conduct root-cause analysis and analyze large datasets. Strong hands-on experience with A/B testing, pandas, and feature engineering is required. Familiarity with SQL is a plus. This is a great opportunity to grow your career in a fast-paced, data-driven environment.",2026-03-29
135,Junior Data Engineer,Datavantis,Data Engineer,Remote,Senior,"Join Datavantis as a Junior Data Engineer! In this role you'll conduct root-cause analysis and develop predictive models to help drive business decisions. We're looking for someone proficient in SQL and ETL, with working knowledge of Python. Experience with Airflow is preferred but not required.",2026-02-15
136,Junior Data Analyst,Pinegrove Solutions,Data Analyst,"Toronto, Canada",Mid,"As a Junior Data Analyst at Pinegrove Solutions, you will automate reporting workflows, develop predictive models, and partner with stakeholders across the business. Core requirements include pandas, statistics, and Excel. Bonus points for exposure to Power BI.",2026-04-30
137,Data Scientist,Datavantis,Data Scientist,Remote,Senior,"As a Data Scientist at Datavantis, you will validate data quality, partner with product and engineering teams, and partner with stakeholders across the business. Core requirements include deep learning, feature engineering, and experimentation. Bonus points for exposure to machine learning.",2026-02-04
138,ETL Developer,Meridian Labs,Data Engineer,"Bengaluru, India",Junior,"Join Meridian Labs as a ETL Developer! In this role you'll build and maintain dashboards and conduct root-cause analysis to help drive business decisions. We're looking for someone proficient in Python and data modeling, with working knowledge of ETL. Experience with data pipelines is preferred but not required.",2026-06-24
139,Junior Business Analyst,Quanta Systems,Business Analyst,"Berlin, Germany",Junior,"Quanta Systems is hiring a Junior Business Analyst to support our data and analytics function. Responsibilities include translate business requirements into technical specifications, design data pipelines, and collaborating with engineering and product teams. Ideal candidates have practical experience with Jira, functional specifications, and stakeholder communication, along with a solid foundation in SQL.",2026-07-04
140,Senior Data Engineer,Orbit Data Co,Data Engineer,"Dublin, Ireland",Junior,"As a Senior Data Engineer at Orbit Data Co, you will optimize database queries, support experimentation and A/B testing, and partner with stakeholders across the business. Core requirements include Redshift, Python, and data pipelines. Bonus points for exposure to Spark.",2026-02-13
141,Junior Data Analyst,BrightPath AI,Data Analyst,"Bengaluru, India",Senior,"BrightPath AI is hiring a Junior Data Analyst to support our data and analytics function. Responsibilities include design data pipelines, automate reporting workflows, and collaborating with engineering and product teams. Ideal candidates have practical experience with statistics, data cleaning, and A/B testing, along with a solid foundation in pandas.",2026-06-07
142,Machine Learning Engineer,Fieldstone Group,ML Engineer,"Bengaluru, India",Junior,"Join Fieldstone Group as a Machine Learning Engineer! In this role you'll partner with product and engineering teams and translate business requirements into technical specifications to help drive business decisions. We're looking for someone proficient in Docker and TensorFlow, with working knowledge of CI/CD. Experience with Kubernetes is preferred but not required.",2026-02-28
143,Data Engineer,Quanta Systems,Data Engineer,"London, UK",Mid,"Quanta Systems is hiring a Data Engineer to support our data and analytics function. Responsibilities include build and maintain dashboards, automate reporting workflows, and collaborating with engineering and product teams. Ideal candidates have practical experience with ETL, data pipelines, and Spark, along with a solid foundation in PostgreSQL.",2026-02-12
144,Data Scientist II,Pinegrove Solutions,Data Scientist,"Sydney, Australia",Mid,"Join Pinegrove Solutions as a Data Scientist II! In this role you'll analyze large datasets and conduct root-cause analysis to help drive business decisions. We're looking for someone proficient in pandas and Python, with working knowledge of experimentation. Experience with machine learning is preferred but not required.",2026-02-14
145,Machine Learning Engineer,Orbit Data Co,ML Engineer,"Dublin, Ireland",Mid,"Join Orbit Data Co as a Machine Learning Engineer! In this role you'll conduct root-cause analysis and optimize database queries to help drive business decisions. We're looking for someone proficient in feature engineering and Docker, with working knowledge of model deployment. Experience with MLOps is preferred but not required.",2026-01-15
146,Junior Data Analyst,Orbit Data Co,Data Analyst,Singapore,Senior,"Join Orbit Data Co as a Junior Data Analyst! In this role you'll develop predictive models and partner with product and engineering teams to help drive business decisions. We're looking for someone proficient in statistics and Tableau, with working knowledge of pandas. Experience with Power BI is preferred but not required.",2026-06-07
147,Data Engineer,BrightPath AI,Data Engineer,"London, UK",Senior,"We are looking for a Data Engineer to join our growing team. You will work closely with cross-functional stakeholders to design data pipelines and build and maintain dashboards. Strong hands-on experience with Python, Spark, and data modeling is required. Familiarity with Airflow is a plus. This is a great opportunity to grow your career in a fast-paced, data-driven environment.",2026-04-03
148,Business Systems Analyst,Meridian Labs,Business Analyst,Remote,Mid,"As a Business Systems Analyst at Meridian Labs, you will design data pipelines, support experimentation and A/B testing, and partner with stakeholders across the business. Core requirements include Agile, functional specifications, and stakeholder communication. Bonus points for exposure to process mapping.",2026-04-23
149,Machine Learning Engineer,Northbridge Analytics,ML Engineer,Singapore,Senior,"As a Machine Learning Engineer at Northbridge Analytics, you will analyze large datasets, validate data quality, and partner with stakeholders across the business. Core requirements include MLOps, feature engineering, and Kubernetes. Bonus points for exposure to Python.",2026-01-24
150,Data Governance Analyst,Quanta Systems,Data Quality Analyst,"Dublin, Ireland",Entry,"As a Data Governance Analyst at Quanta Systems, you will partner with product and engineering teams, develop predictive models, and partner with stakeholders across the business. Core requirements include data validation, data cleansing, and data profiling. Bonus points for exposure to metadata management.",2026-03-30
151,Junior Data Analyst,BrightPath AI,Data Analyst,"Dublin, Ireland",Mid,"We are looking for a Junior Data Analyst to join our growing team. You will work closely with cross-functional stakeholders to automate reporting workflows and validate data quality. Strong hands-on experience with Excel, data visualization, and A/B testing is required. Familiarity with statistics is a plus. This is a great opportunity to grow your career in a fast-paced, data-driven environment.",2026-06-16
152,Applied ML Engineer,Skylark Data,ML Engineer,"New York, USA",Mid,"We are looking for a Applied ML Engineer to join our growing team. You will work closely with cross-functional stakeholders to automate reporting workflows and analyze large datasets. Strong hands-on experience with TensorFlow, MLOps, and deep learning is required. Familiarity with AWS is a plus. This is a great opportunity to grow your career in a fast-paced, data-driven environment.",
153,ETL Developer,Lumen Analytics,Data Engineer,"Toronto, Canada",Junior,"Lumen Analytics is hiring a ETL Developer to support our data and analytics function. Responsibilities include document functional specifications, develop predictive models, and collaborating with engineering and product teams. Ideal candidates have practical experience with Redshift, PostgreSQL, and ETL, along with a solid foundation in AWS.",2026-02-03
154,Data Governance Analyst,Kestrel Technologies,Data Quality Analyst,"New York, USA",Senior,"Join Kestrel Technologies as a Data Governance Analyst! In this role you'll analyze large datasets and develop predictive models to help drive business decisions. We're looking for someone proficient in reporting and ETL, with working knowledge of metadata management. Experience with data cleansing is preferred but not required.",2026-03-26
155,Business Systems Analyst,Skylark Data,Business Analyst,"Kathmandu, Nepal",Senior,"As a Business Systems Analyst at Skylark Data, you will support experimentation and A/B testing, design data pipelines, and partner with stakeholders across the business. Core requirements include Excel, stakeholder communication, and SQL. Bonus points for exposure to Agile.",2026-01-17
156,Data Scientist,Kestrel Technologies,Data Scientist,"Bengaluru, India",Junior,"Kestrel Technologies is hiring a Data Scientist to support our data and analytics function. Responsibilities include design data pipelines, optimize database queries, and collaborating with engineering and product teams. Ideal candidates have practical experience with Python, XGBoost, and A/B testing, along with a solid foundation in feature engineering.",2026-02-04
157,Machine Learning Engineer,Anchorpoint AI,ML Engineer,Remote,Junior,"As a Machine Learning Engineer at Anchorpoint AI, you will develop predictive models, design data pipelines, and partner with stakeholders across the business. Core requirements include deep learning, Kubernetes, and model deployment. Bonus points for exposure to AWS.",2026-04-14
158,Business Systems Analyst,Pinegrove Solutions,Business Analyst,"Berlin, Germany",Senior,"Join Pinegrove Solutions as a Business Systems Analyst! In this role you'll validate data quality and translate business requirements into technical specifications to help drive business decisions. We're looking for someone proficient in stakeholder communication and Agile, with working knowledge of Excel. Experience with UAT is preferred but not required.",2026-01-11
159,Senior Data Scientist,BrightPath AI,Data Scientist,"Toronto, Canada",Mid,"As a Senior Data Scientist at BrightPath AI, you will document functional specifications, conduct root-cause analysis, and partner with stakeholders across the business. Core requirements include deep learning, SQL, and pandas. Bonus points for exposure to machine learning.",2026-03-31
160,Junior Data Engineer,Quanta Systems,Data Engineer,"Kathmandu, Nepal",Mid,"As a Junior Data Engineer at Quanta Systems, you will conduct root-cause analysis, validate data quality, and partner with stakeholders across the business. Core requirements include Kafka, Python, and AWS. Bonus points for exposure to data modeling.",2026-02-23
161,Senior Data Engineer,Clarion Health,Data Engineer,"Bengaluru, India",Junior,"We are looking for a Senior Data Engineer to join our growing team. You will work closely with cross-functional stakeholders to conduct root-cause analysis and translate business requirements into technical specifications. Strong hands-on experience with Airflow, SQL, and PostgreSQL is required. Familiarity with Kafka is a plus. This is a great opportunity to grow your career in a fast-paced, data-driven environment.",2026-04-17
162,Data Governance Analyst,Northbridge Analytics,Data Quality Analyst,Remote,Entry,"Northbridge Analytics is hiring a Data Governance Analyst to support our data and analytics function. Responsibilities include support experimentation and A/B testing, partner with product and engineering teams, and collaborating with engineering and product teams. Ideal candidates have practical experience with Excel, data profiling, and data cleansing, along with a solid foundation in Python.",2026-04-28
163,Senior Data Engineer,Pinegrove Solutions,Data Engineer,"Kathmandu, Nepal",Entry,"Pinegrove Solutions is hiring a Senior Data Engineer to support our data and analytics function. Responsibilities include partner with product and engineering teams, analyze large datasets, and collaborating with engineering and product teams. Ideal candidates have practical experience with data pipelines, Redshift, and Airflow, along with a solid foundation in PostgreSQL.",2026-05-26
164,Data Analyst II,Skylark Data,Data Analyst,"Toronto, Canada",Junior,"We are looking for a Data Analyst II to join our growing team. You will work closely with cross-functional stakeholders to validate data quality and document functional specifications. Strong hands-on experience with stakeholder communication, Python, and SQL is required. Familiarity with reporting is a plus. This is a great opportunity to grow your career in a fast-paced, data-driven environment.",2026-04-16
165,ETL Developer,Pinegrove Solutions,Data Engineer,"Dublin, Ireland",Senior,"Join Pinegrove Solutions as a ETL Developer! In this role you'll translate business requirements into technical specifications and build and maintain dashboards to help drive business decisions. We're looking for someone proficient in ETL and PostgreSQL, with working knowledge of data modeling. Experience with Spark is preferred but not required.",2026-03-15
166,Data Governance Analyst,Anchorpoint AI,Data Quality Analyst,Remote,Entry,"As a Data Governance Analyst at Anchorpoint AI, you will document functional specifications, conduct root-cause analysis, and partner with stakeholders across the business. Core requirements include Python, ETL, and data governance. Bonus points for exposure to data validation.",2026-03-01
167,Data Engineer,Vertex Insights,Data Engineer,"Bengaluru, India",Junior,"As a Data Engineer at Vertex Insights, you will analyze large datasets, validate data quality, and partner with stakeholders across the business. Core requirements include ETL, data modeling, and AWS. Bonus points for exposure to Airflow.",2026-05-03
168,Senior Data Engineer,Kestrel Technologies,Data Engineer,"Sydney, Australia",Entry,"We are looking for a Senior Data Engineer to join our growing team. You will work closely with cross-functional stakeholders to analyze large datasets and conduct root-cause analysis. Strong hands-on experience with Spark, data pipelines, and AWS is required. Familiarity with Airflow is a plus. This is a great opportunity to grow your career in a fast-paced, data-driven environment.",2026-05-31
169,Applied ML Engineer,Anchorpoint AI,ML Engineer,"Bengaluru, India",Mid,"Anchorpoint AI is hiring a Applied ML Engineer to support our data and analytics function. Responsibilities include design data pipelines, support experimentation and A/B testing, and collaborating with engineering and product teams. Ideal candidates have practical experience with Kubernetes, CI/CD, and MLOps, along with a solid foundation in deep learning.",2026-02-05
170,ETL Developer,Anchorpoint AI,Data Engineer,"Dublin, Ireland",Senior,"We are looking for a ETL Developer to join our growing team. You will work closely with cross-functional stakeholders to conduct root-cause analysis and document functional specifications. Strong hands-on experience with PostgreSQL, data pipelines, and Airflow is required. Familiarity with Redshift is a plus. This is a great opportunity to grow your career in a fast-paced, data-driven environment.",2026-02-25
171,Data Governance Analyst,Northbridge Analytics,Data Quality Analyst,"Sydney, Australia",Entry,"Northbridge Analytics is hiring a Data Governance Analyst to support our data and analytics function. Responsibilities include automate reporting workflows, design data pipelines, and collaborating with engineering and product teams. Ideal candidates have practical experience with SQL, Excel, and data governance, along with a solid foundation in ETL.",2026-02-27
172,Machine Learning Engineer,Pinegrove Solutions,ML Engineer,"London, UK",Senior,"As a Machine Learning Engineer at Pinegrove Solutions, you will support experimentation and A/B testing, design data pipelines, and partner with stakeholders across the business. Core requirements include PyTorch, deep learning, and model deployment. Bonus points for exposure to Python.",2026-06-26
173,Business Systems Analyst,Pinegrove Solutions,Business Analyst,"Berlin, Germany",Entry,,2026-01-12
174,Data Analyst,Havenwood Tech,Data Analyst,"Bengaluru, India",Senior,"As a Data Analyst at Havenwood Tech, you will design data pipelines, conduct root-cause analysis, and partner with stakeholders across the business. Core requirements include SQL, Python, and data visualization. Bonus points for exposure to Power BI.",2026-04-04
175,AI Engineer,Vertex Insights,ML Engineer,"Bengaluru, India",Junior,"Vertex Insights is hiring a AI Engineer to support our data and analytics function. Responsibilities include automate reporting workflows, optimize database queries, and collaborating with engineering and product teams. Ideal candidates have practical experience with feature engineering, Kubernetes, and PyTorch, along with a solid foundation in TensorFlow.",2026-05-14
176,Data Analyst,Quanta Systems,Data Analyst,"Toronto, Canada",Senior,"Quanta Systems is hiring a Data Analyst to support our data and analytics function. Responsibilities include support experimentation and A/B testing, develop predictive models, and collaborating with engineering and product teams. Ideal candidates have practical experience with A/B testing, data visualization, and Tableau, along with a solid foundation in reporting.",2026-06-12
177,Data Analyst II,Kestrel Technologies,Data Analyst,"Kathmandu, Nepal",Junior,"We are looking for a Data Analyst II to join our growing team. You will work closely with cross-functional stakeholders to support experimentation and A/B testing and document functional specifications. Strong hands-on experience with Tableau, Excel, and data cleaning is required. Familiarity with SQL is a plus. This is a great opportunity to grow your career in a fast-paced, data-driven environment.",2026-06-29
178,AI Engineer,Meridian Labs,ML Engineer,"Dublin, Ireland",Junior,"Join Meridian Labs as a AI Engineer! In this role you'll translate business requirements into technical specifications and document functional specifications to help drive business decisions. We're looking for someone proficient in Python and TensorFlow, with working knowledge of deep learning. Experience with Docker is preferred but not required.",2026-01-19
179,Junior Data Engineer,Quanta Systems,Data Engineer,Remote,Junior,"Quanta Systems is hiring a Junior Data Engineer to support our data and analytics function. Responsibilities include automate reporting workflows, document functional specifications, and collaborating with engineering and product teams. Ideal candidates have practical experience with Docker, Spark, and data pipelines, along with a solid foundation in SQL.",2026-03-23
180,Business Systems Analyst,Datavantis,Business Analyst,"New York, USA",Senior,"As a Business Systems Analyst at Datavantis, you will design data pipelines, validate data quality, and partner with stakeholders across the business. Core requirements include data validation, functional specifications, and process mapping. Bonus points for exposure to stakeholder communication.",2026-02-23
181,ML Engineer,Fieldstone Group,ML Engineer,"London, UK",Mid,"Fieldstone Group is hiring a ML Engineer to support our data and analytics function. Responsibilities include optimize database queries, automate reporting workflows, and collaborating with engineering and product teams. Ideal candidates have practical experience with TensorFlow, model deployment, and Python, along with a solid foundation in AWS.",2026-05-06
182,Applied Data Scientist,Pinegrove Solutions,Data Scientist,"Bengaluru, India",Senior,"As a Applied Data Scientist at Pinegrove Solutions, you will analyze large datasets, validate data quality, and partner with stakeholders across the business. Core requirements include A/B testing, machine learning, and deep learning. Bonus points for exposure to statistics.",2026-02-06
183,Data Analyst,Meridian Labs,Data Analyst,"Sydney, Australia",Junior,"Meridian Labs is hiring a Data Analyst to support our data and analytics function. Responsibilities include analyze large datasets, translate business requirements into technical specifications, and collaborating with engineering and product teams. Ideal candidates have practical experience with statistics, Tableau, and pandas, along with a solid foundation in Python.",2026-06-10
184,Data Governance Analyst,Havenwood Tech,Data Quality Analyst,"London, UK",Junior,"As a Data Governance Analyst at Havenwood Tech, you will validate data quality, optimize database queries, and partner with stakeholders across the business. Core requirements include data cleansing, data governance, and Python. Bonus points for exposure to reporting.",2026-04-10
185,Senior Data Engineer,BrightPath AI,Data Engineer,"Dublin, Ireland",Senior,"Join BrightPath AI as a Senior Data Engineer! In this role you'll translate business requirements into technical specifications and develop predictive models to help drive business decisions. We're looking for someone proficient in data modeling and Python, with working knowledge of Kafka. Experience with AWS is preferred but not required.",2026-02-16
186,Data Scientist II,Datavantis,Data Scientist,"Berlin, Germany",Senior,"Datavantis is hiring a Data Scientist II to support our data and analytics function. Responsibilities include translate business requirements into technical specifications, optimize database queries, and collaborating with engineering and product teams. Ideal candidates have practical experience with SQL, scikit-learn, and statistics, along with a solid foundation in A/B testing.",2026-01-24
187,Data Governance Analyst,Quanta Systems,Data Quality Analyst,"Toronto, Canada",Senior,"As a Data Governance Analyst at Quanta Systems, you will design data pipelines, automate reporting workflows, and partner with stakeholders across the business. Core requirements include metadata management, data profiling, and Python. Bonus points for exposure to data validation.",2026-02-22
188,Data Quality Analyst,Lumen Analytics,Data Quality Analyst,"Kathmandu, Nepal",Entry,"We are looking for a Data Quality Analyst to join our growing team. You will work closely with cross-functional stakeholders to conduct root-cause analysis and translate business requirements into technical specifications. Strong hands-on experience with SQL, reporting, and data cleansing is required. Familiarity with data validation is a plus. This is a great opportunity to grow your career in a fast-paced, data-driven environment.",2026-07-08
189,Senior Data Scientist,BrightPath AI,Data Scientist,"Kathmandu, Nepal",Senior,"As a Senior Data Scientist at BrightPath AI, you will automate reporting workflows, partner with product and engineering teams, and partner with stakeholders across the business. Core requirements include experimentation, XGBoost, and Python. Bonus points for exposure to deep learning.",
190,Data Governance Analyst,Lumen Analytics,Data Quality Analyst,"Berlin, Germany",Entry,"Lumen Analytics is hiring a Data Governance Analyst to support our data and analytics function. Responsibilities include build and maintain dashboards, automate reporting workflows, and collaborating with engineering and product teams. Ideal candidates have practical experience with Excel, data cleansing, and data profiling, along with a solid foundation in SQL.",2026-02-02
191,Business Systems Analyst,Fieldstone Group,Business Analyst,"New York, USA",Mid,"Fieldstone Group is hiring a Business Systems Analyst to support our data and analytics function. Responsibilities include support experimentation and A/B testing, document functional specifications, and collaborating with engineering and product teams. Ideal candidates have practical experience with process mapping, requirements gathering, and functional specifications, along with a solid foundation in stakeholder communication.",2026-05-14
192,Data Engineer,Pinegrove Solutions,Data Engineer,"Kathmandu, Nepal",Entry,"We are looking for a Data Engineer to join our growing team. You will work closely with cross-functional stakeholders to support experimentation and A/B testing and analyze large datasets. Strong hands-on experience with Docker, Kafka, and data pipelines is required. Familiarity with PostgreSQL is a plus. This is a great opportunity to grow your career in a fast-paced, data-driven environment.",2026-06-19
193,AI Engineer,Pinegrove Solutions,ML Engineer,"New York, USA",Entry,"As a AI Engineer at Pinegrove Solutions, you will partner with product and engineering teams, document functional specifications, and partner with stakeholders across the business. Core requirements include deep learning, Python, and MLOps. Bonus points for exposure to feature engineering.",2026-06-21
194,Data Governance Analyst,Havenwood Tech,Data Quality Analyst,"Dublin, Ireland",Entry,"As a Data Governance Analyst at Havenwood Tech, you will document functional specifications, design data pipelines, and partner with stakeholders across the business. Core requirements include data profiling, Python, and SQL. Bonus points for exposure to data validation.",2026-04-25
195,Data Scientist II,Kestrel Technologies,Data Scientist,Singapore,Mid,"As a Data Scientist II at Kestrel Technologies, you will analyze large datasets, build and maintain dashboards, and partner with stakeholders across the business. Core requirements include feature engineering, scikit-learn, and machine learning. Bonus points for exposure to A/B testing.",2026-06-21
196,ETL Developer,Skylark Data,Data Engineer,"New York, USA",Entry,"As a ETL Developer at Skylark Data, you will translate business requirements into technical specifications, develop predictive models, and partner with stakeholders across the business. Core requirements include data pipelines, Spark, and data modeling. Bonus points for exposure to Redshift.",2026-01-17
197,Junior Business Analyst,Vertex Insights,Business Analyst,"Bengaluru, India",Mid,"Vertex Insights is hiring a Junior Business Analyst to support our data and analytics function. Responsibilities include design data pipelines, optimize database queries, and collaborating with engineering and product teams. Ideal candidates have practical experience with stakeholder communication, requirements gathering, and data validation, along with a solid foundation in Jira.",2026-04-20
198,Data Engineer,Northbridge Analytics,Data Engineer,"Kathmandu, Nepal",Mid,"Northbridge Analytics is hiring a Data Engineer to support our data and analytics function. Responsibilities include design data pipelines, build and maintain dashboards, and collaborating with engineering and product teams. Ideal candidates have practical experience with data modeling, AWS, and Spark, along with a solid foundation in Python.",2026-02-18
199,Junior Business Analyst,Vertex Insights,Business Analyst,"Bengaluru, India",Entry,,2026-04-02
200,Junior Data Analyst,Kestrel Technologies,Data Analyst,"Dublin, Ireland",Junior,"Join Kestrel Technologies as a Junior Data Analyst! In this role you'll validate data quality and partner with product and engineering teams to help drive business decisions. We're looking for someone proficient in data cleaning and data visualization, with working knowledge of Power BI. Experience with reporting is preferred but not required.",2026-06-24
201,Senior Data Scientist,Quanta Systems,Data Scientist,Singapore,Mid,"As a Senior Data Scientist at Quanta Systems, you will translate business requirements into technical specifications, conduct root-cause analysis, and partner with stakeholders across the business. Core requirements include XGBoost, machine learning, and A/B testing. Bonus points for exposure to SQL.",2026-05-21
202,Machine Learning Engineer,Clarion Health,ML Engineer,"Berlin, Germany",Entry,"As a Machine Learning Engineer at Clarion Health, you will support experimentation and A/B testing, develop predictive models, and partner with stakeholders across the business. Core requirements include AWS, Kubernetes, and feature engineering. Bonus points for exposure to CI/CD.",2026-01-25
203,Business Analyst,Quanta Systems,Business Analyst,"New York, USA",Junior,"As a Business Analyst at Quanta Systems, you will develop predictive models, validate data quality, and partner with stakeholders across the business. Core requirements include UAT, functional specifications, and Jira. Bonus points for exposure to stakeholder communication.",2026-05-09
204,ETL Developer,Quanta Systems,Data Engineer,Singapore,Mid,"We are looking for a ETL Developer to join our growing team. You will work closely with cross-functional stakeholders to design data pipelines and conduct root-cause analysis. Strong hands-on experience with Python, Redshift, and Airflow is required. Familiarity with PostgreSQL is a plus. This is a great opportunity to grow your career in a fast-paced, data-driven environment.",2026-03-14
205,Data Quality Analyst,Orbit Data Co,Data Quality Analyst,"Berlin, Germany",Entry,"Join Orbit Data Co as a Data Quality Analyst! In this role you'll validate data quality and translate business requirements into technical specifications to help drive business decisions. We're looking for someone proficient in data cleansing and metadata management, with working knowledge of data profiling. Experience with Python is preferred but not required.",2026-03-24
206,Machine Learning Engineer,Orbit Data Co,ML Engineer,"Sydney, Australia",Senior,"Join Orbit Data Co as a Machine Learning Engineer! In this role you'll automate reporting workflows and analyze large datasets to help drive business decisions. We're looking for someone proficient in CI/CD and AWS, with working knowledge of deep learning. Experience with feature engineering is preferred but not required.",2026-02-23
207,Junior Business Analyst,Havenwood Tech,Business Analyst,"Bengaluru, India",Entry,"As a Junior Business Analyst at Havenwood Tech, you will document functional specifications, analyze large datasets, and partner with stakeholders across the business. Core requirements include stakeholder communication, functional specifications, and Jira. Bonus points for exposure to data validation.",2026-04-17
208,Machine Learning Engineer,Datavantis,ML Engineer,"Bengaluru, India",Mid,"As a Machine Learning Engineer at Datavantis, you will support experimentation and A/B testing, develop predictive models, and partner with stakeholders across the business. Core requirements include MLOps, deep learning, and CI/CD. Bonus points for exposure to feature engineering.",2026-01-18
209,Junior Business Analyst,Lumen Analytics,Business Analyst,Remote,Mid,"We are looking for a Junior Business Analyst to join our growing team. You will work closely with cross-functional stakeholders to optimize database queries and build and maintain dashboards. Strong hands-on experience with SQL, UAT, and requirements gathering is required. Familiarity with Jira is a plus. This is a great opportunity to grow your career in a fast-paced, data-driven environment.",2026-06-04
210,Senior Data Engineer,BrightPath AI,Data Engineer,"Toronto, Canada",Junior,"As a Senior Data Engineer at BrightPath AI, you will build and maintain dashboards, support experimentation and A/B testing, and partner with stakeholders across the business. Core requirements include PostgreSQL, data modeling, and AWS. Bonus points for exposure to data pipelines.",2026-04-25
211,Data Analyst,Datavantis,Data Analyst,"New York, USA",Entry,"Datavantis is hiring a Data Analyst to support our data and analytics function. Responsibilities include design data pipelines, automate reporting workflows, and collaborating with engineering and product teams. Ideal candidates have practical experience with data cleaning, Power BI, and Tableau, along with a solid foundation in A/B testing.",2026-03-23
212,ML Engineer,Skylark Data,ML Engineer,Singapore,Junior,"Skylark Data is hiring a ML Engineer to support our data and analytics function. Responsibilities include partner with product and engineering teams, document functional specifications, and collaborating with engineering and product teams. Ideal candidates have practical experience with TensorFlow, AWS, and CI/CD, along with a solid foundation in Python.",2026-03-23
213,Machine Learning Engineer,Anchorpoint AI,ML Engineer,"London, UK",Junior,"Anchorpoint AI is hiring a Machine Learning Engineer to support our data and analytics function. Responsibilities include develop predictive models, partner with product and engineering teams, and collaborating with engineering and product teams. Ideal candidates have practical experience with Docker, PyTorch, and CI/CD, along with a solid foundation in TensorFlow.",2026-05-04
214,Data Governance Analyst,Lumen Analytics,Data Quality Analyst,"New York, USA",Senior,"Lumen Analytics is hiring a Data Governance Analyst to support our data and analytics function. Responsibilities include develop predictive models, support experimentation and A/B testing, and collaborating with engineering and product teams. Ideal candidates have practical experience with reporting, data cleansing, and data validation, along with a solid foundation in data profiling.",2026-01-11
215,Data Engineer,Pinegrove Solutions,Data Engineer,Remote,Mid,"Pinegrove Solutions is hiring a Data Engineer to support our data and analytics function. Responsibilities include design data pipelines, develop predictive models, and collaborating with engineering and product teams. Ideal candidates have practical experience with Python, Airflow, and Spark, along with a solid foundation in Kafka.",2026-03-25
216,Business Analyst,Kestrel Technologies,Business Analyst,Singapore,Senior,"Join Kestrel Technologies as a Business Analyst! In this role you'll design data pipelines and support experimentation and A/B testing to help drive business decisions. We're looking for someone proficient in Jira and UAT, with working knowledge of Agile. Experience with Excel is preferred but not required.",2026-04-21
217,Machine Learning Engineer,Fieldstone Group,ML Engineer,"New York, USA",Entry,"As a Machine Learning Engineer at Fieldstone Group, you will automate reporting workflows, partner with product and engineering teams, and partner with stakeholders across the business. Core requirements include model deployment, TensorFlow, and MLOps. Bonus points for exposure to AWS.",2026-03-07
218,AI Engineer,Orbit Data Co,ML Engineer,Remote,Entry,"Orbit Data Co is hiring a AI Engineer to support our data and analytics function. Responsibilities include analyze large datasets, validate data quality, and collaborating with engineering and product teams. Ideal candidates have practical experience with CI/CD, Python, and MLOps, along with a solid foundation in Docker.",2026-05-28
219,AI Engineer,Lumen Analytics,ML Engineer,"Dublin, Ireland",Entry,"As a AI Engineer at Lumen Analytics, you will automate reporting workflows, analyze large datasets, and partner with stakeholders across the business. Core requirements include CI/CD, PyTorch, and Docker. Bonus points for exposure to Kubernetes.",2026-03-24
220,Junior Data Analyst,Quanta Systems,Data Analyst,"Kathmandu, Nepal",Senior,"Quanta Systems is hiring a Junior Data Analyst to support our data and analytics function. Responsibilities include build and maintain dashboards, translate business requirements into technical specifications, and collaborating with engineering and product teams. Ideal candidates have practical experience with Python, pandas, and Excel, along with a solid foundation in statistics.",2026-02-10
221,Data Governance Analyst,Fieldstone Group,Data Quality Analyst,"Sydney, Australia",Senior,"Join Fieldstone Group as a Data Governance Analyst! In this role you'll translate business requirements into technical specifications and analyze large datasets to help drive business decisions. We're looking for someone proficient in data profiling and reporting, with working knowledge of data governance. Experience with data cleansing is preferred but not required.",2026-02-08
222,Business Analyst,BrightPath AI,Business Analyst,"Berlin, Germany",Mid,"Join BrightPath AI as a Business Analyst! In this role you'll optimize database queries and analyze large datasets to help drive business decisions. We're looking for someone proficient in Agile and Excel, with working knowledge of requirements gathering. Experience with UAT is preferred but not required.",2026-06-08
223,Data Quality Analyst,Meridian Labs,Data Quality Analyst,Remote,Mid,"Join Meridian Labs as a Data Quality Analyst! In this role you'll document functional specifications and conduct root-cause analysis to help drive business decisions. We're looking for someone proficient in data governance and data cleansing, with working knowledge of metadata management. Experience with data validation is preferred but not required.",2026-04-05
224,Machine Learning Engineer,Pinegrove Solutions,ML Engineer,"Bengaluru, India",Senior,"We are looking for a Machine Learning Engineer to join our growing team. You will work closely with cross-functional stakeholders to support experimentation and A/B testing and develop predictive models. Strong hands-on experience with deep learning, Docker, and Kubernetes is required. Familiarity with model deployment is a plus. This is a great opportunity to grow your career in a fast-paced, data-driven environment.",2026-06-17
225,Data Governance Analyst,Pinegrove Solutions,Data Quality Analyst,"New York, USA",Entry,"Join Pinegrove Solutions as a Data Governance Analyst! In this role you'll translate business requirements into technical specifications and support experimentation and A/B testing to help drive business decisions. We're looking for someone proficient in Excel and data cleansing, with working knowledge of data governance. Experience with metadata management is preferred but not required.",2026-04-29
226,Junior Data Engineer,Kestrel Technologies,Data Engineer,"Toronto, Canada",Mid,"We are looking for a Junior Data Engineer to join our growing team. You will work closely with cross-functional stakeholders to conduct root-cause analysis and support experimentation and A/B testing. Strong hands-on experience with data pipelines, SQL, and Kafka is required. Familiarity with Python is a plus. This is a great opportunity to grow your career in a fast-paced, data-driven environment.",2026-05-31
227,AI Engineer,Datavantis,ML Engineer,Singapore,Junior,"Join Datavantis as a AI Engineer! In this role you'll build and maintain dashboards and conduct root-cause analysis to help drive business decisions. We're looking for someone proficient in TensorFlow and Docker, with working knowledge of feature engineering. Experience with CI/CD is preferred but not required.",2026-04-06
228,Data Quality Specialist,Clarion Health,Data Quality Analyst,"Kathmandu, Nepal",Senior,"We are looking for a Data Quality Specialist to join our growing team. You will work closely with cross-functional stakeholders to build and maintain dashboards and partner with product and engineering teams. Strong hands-on experience with ETL, data governance, and data cleansing is required. Familiarity with Python is a plus. This is a great opportunity to grow your career in a fast-paced, data-driven environment.",2026-06-21
229,Data Scientist II,Lumen Analytics,Data Scientist,"Toronto, Canada",Entry,"As a Data Scientist II at Lumen Analytics, you will partner with product and engineering teams, design data pipelines, and partner with stakeholders across the business. Core requirements include Python, A/B testing, and machine learning. Bonus points for exposure to feature engineering.",2026-04-03
230,Data Analyst,Northbridge Analytics,Data Analyst,"New York, USA",Mid,"Northbridge Analytics is hiring a Data Analyst to support our data and analytics function. Responsibilities include conduct root-cause analysis, partner with product and engineering teams, and collaborating with engineering and product teams. Ideal candidates have practical experience with Python, Power BI, and data visualization, along with a solid foundation in data cleaning.",2026-02-16
231,Junior Data Analyst,Orbit Data Co,Data Analyst,"New York, USA",Junior,"We are looking for a Junior Data Analyst to join our growing team. You will work closely with cross-functional stakeholders to translate business requirements into technical specifications and build and maintain dashboards. Strong hands-on experience with data cleaning, Power BI, and data visualization is required. Familiarity with statistics is a plus. This is a great opportunity to grow your career in a fast-paced, data-driven environment.",2026-06-09
232,Junior Business Analyst,Vertex Insights,Business Analyst,"New York, USA",Senior,"Vertex Insights is hiring a Junior Business Analyst to support our data and analytics function. Responsibilities include conduct root-cause analysis, build and maintain dashboards, and collaborating with engineering and product teams. Ideal candidates have practical experience with functional specifications, Jira, and stakeholder communication, along with a solid foundation in data validation.",2026-02-07
233,Data Quality Specialist,Quanta Systems,Data Quality Analyst,"Kathmandu, Nepal",Mid,"We are looking for a Data Quality Specialist to join our growing team. You will work closely with cross-functional stakeholders to optimize database queries and validate data quality. Strong hands-on experience with data governance, Excel, and reporting is required. Familiarity with Python is a plus. This is a great opportunity to grow your career in a fast-paced, data-driven environment.",2026-05-10
234,AI Engineer,Northbridge Analytics,ML Engineer,"London, UK",Senior,"Northbridge Analytics is hiring a AI Engineer to support our data and analytics function. Responsibilities include develop predictive models, partner with product and engineering teams, and collaborating with engineering and product teams. Ideal candidates have practical experience with feature engineering, CI/CD, and PyTorch, along with a solid foundation in Python.",2026-02-15
235,Applied ML Engineer,Lumen Analytics,ML Engineer,Remote,Senior,"We are looking for a Applied ML Engineer to join our growing team. You will work closely with cross-functional stakeholders to validate data quality and translate business requirements into technical specifications. Strong hands-on experience with PyTorch, Python, and feature engineering is required. Familiarity with CI/CD is a plus. This is a great opportunity to grow your career in a fast-paced, data-driven environment.",2026-03-31
236,Business Systems Analyst,Pinegrove Solutions,Business Analyst,"Dublin, Ireland",Senior,"Pinegrove Solutions is hiring a Business Systems Analyst to support our data and analytics function. Responsibilities include automate reporting workflows, partner with product and engineering teams, and collaborating with engineering and product teams. Ideal candidates have practical experience with process mapping, Agile, and requirements gathering, along with a solid foundation in functional specifications.",2026-04-22
237,,Skylark Data,Data Analyst,Remote,Mid,"Skylark Data is hiring a Junior Data Analyst to support our data and analytics function. Responsibilities include partner with product and engineering teams, optimize database queries, and collaborating with engineering and product teams. Ideal candidates have practical experience with data visualization, reporting, and Excel, along with a solid foundation in Python.",2026-03-21
238,Data Analyst II,Kestrel Technologies,Data Analyst,"Sydney, Australia",Entry,"We are looking for a Data Analyst II to join our growing team. You will work closely with cross-functional stakeholders to analyze large datasets and design data pipelines. Strong hands-on experience with Python, data cleaning, and Power BI is required. Familiarity with Excel is a plus. This is a great opportunity to grow your career in a fast-paced, data-driven environment.",2026-04-13
239,Junior Business Analyst,Skylark Data,Business Analyst,"Berlin, Germany",Junior,"Join Skylark Data as a Junior Business Analyst! In this role you'll build and maintain dashboards and analyze large datasets to help drive business decisions. We're looking for someone proficient in functional specifications and Jira, with working knowledge of Excel. Experience with Agile is preferred but not required.",2026-05-02
240,Business Analyst,Quanta Systems,Business Analyst,"Sydney, Australia",Entry,"Quanta Systems is hiring a Business Analyst to support our data and analytics function. Responsibilities include support experimentation and A/B testing, document functional specifications, and collaborating with engineering and product teams. Ideal candidates have practical experience with UAT, Agile, and functional specifications, along with a solid foundation in SQL.",2026-05-06
241,Data Analyst,Meridian Labs,Data Analyst,"Dublin, Ireland",Entry,"As a Data Analyst at Meridian Labs, you will support experimentation and A/B testing, develop predictive models, and partner with stakeholders across the business. Core requirements include SQL, stakeholder communication, and Tableau. Bonus points for exposure to data cleaning.",2026-05-26
242,Data Analyst II,Meridian Labs,Data Analyst,"New York, USA",Junior,"We are looking for a Data Analyst II to join our growing team. You will work closely with cross-functional stakeholders to document functional specifications and develop predictive models. Strong hands-on experience with data visualization, pandas, and Python is required. Familiarity with Excel is a plus. This is a great opportunity to grow your career in a fast-paced, data-driven environment.",2026-06-27
243,Data Scientist II,Skylark Data,Data Scientist,"Dublin, Ireland",Entry,"We are looking for a Data Scientist II to join our growing team. You will work closely with cross-functional stakeholders to validate data quality and develop predictive models. Strong hands-on experience with feature engineering, machine learning, and XGBoost is required. Familiarity with SQL is a plus. This is a great opportunity to grow your career in a fast-paced, data-driven environment.",2026-07-08
244,Junior Data Engineer,Quanta Systems,Data Engineer,"Sydney, Australia",Mid,"As a Junior Data Engineer at Quanta Systems, you will develop predictive models, document functional specifications, and partner with stakeholders across the business. Core requirements include Kafka, Redshift, and Airflow. Bonus points for exposure to data modeling.",2026-05-21
245,Data Quality Specialist,Skylark Data,Data Quality Analyst,"London, UK",Junior,"We are looking for a Data Quality Specialist to join our growing team. You will work closely with cross-functional stakeholders to automate reporting workflows and develop predictive models. Strong hands-on experience with SQL, data cleansing, and reporting is required. Familiarity with data validation is a plus. This is a great opportunity to grow your career in a fast-paced, data-driven environment.",2026-07-10
246,Data Governance Analyst,Fieldstone Group,Data Quality Analyst,"Berlin, Germany",Entry,"Fieldstone Group is hiring a Data Governance Analyst to support our data and analytics function. Responsibilities include support experimentation and A/B testing, analyze large datasets, and collaborating with engineering and product teams. Ideal candidates have practical experience with data governance, Excel, and reporting, along with a solid foundation in metadata management.",2026-06-17
247,Junior Data Analyst,Havenwood Tech,Data Analyst,"Dublin, Ireland",Senior,"Havenwood Tech is hiring a Junior Data Analyst to support our data and analytics function. Responsibilities include document functional specifications, build and maintain dashboards, and collaborating with engineering and product teams. Ideal candidates have practical experience with stakeholder communication, pandas, and statistics, along with a solid foundation in Excel.",2026-04-01
248,Data Analyst,Vertex Insights,Data Analyst,Remote,Junior,"Join Vertex Insights as a Data Analyst! In this role you'll partner with product and engineering teams and develop predictive models to help drive business decisions. We're looking for someone proficient in Python and stakeholder communication, with working knowledge of pandas. Experience with data visualization is preferred but not required.",2026-05-12
249,Junior Data Analyst,Clarion Health,Data Analyst,"Sydney, Australia",Entry,"As a Junior Data Analyst at Clarion Health, you will support experimentation and A/B testing, develop predictive models, and partner with stakeholders across the business. Core requirements include Power BI, Excel, and stakeholder communication. Bonus points for exposure to statistics.",2026-04-10
250,Senior Data Scientist,Quanta Systems,Data Scientist,"Toronto, Canada",Mid,"We are looking for a Senior Data Scientist to join our growing team. You will work closely with cross-functional stakeholders to partner with product and engineering teams and document functional specifications. Strong hands-on experience with machine learning, experimentation, and scikit-learn is required. Familiarity with SQL is a plus. This is a great opportunity to grow your career in a fast-paced, data-driven environment.",2026-04-18
251,Data Scientist,Anchorpoint AI,Data Scientist,"London, UK",Mid,"We are looking for a Data Scientist to join our growing team. You will work closely with cross-functional stakeholders to validate data quality and design data pipelines. Strong hands-on experience with feature engineering, deep learning, and Python is required. Familiarity with SQL is a plus. This is a great opportunity to grow your career in a fast-paced, data-driven environment.",2026-03-17
252,Junior Business Analyst,Lumen Analytics,Business Analyst,"London, UK",Entry,"Lumen Analytics is hiring a Junior Business Analyst to support our data and analytics function. Responsibilities include analyze large datasets, partner with product and engineering teams, and collaborating with engineering and product teams. Ideal candidates have practical experience with UAT, requirements gathering, and Jira, along with a solid foundation in SQL.",2026-03-30
253,Data Engineer,Kestrel Technologies,Data Engineer,"Sydney, Australia",Mid,"Kestrel Technologies is hiring a Data Engineer to support our data and analytics function. Responsibilities include conduct root-cause analysis, support experimentation and A/B testing, and collaborating with engineering and product teams. Ideal candidates have practical experience with Python, SQL, and Kafka, along with a solid foundation in Airflow.",2026-04-17
254,Data Analyst,Orbit Data Co,Data Analyst,"Kathmandu, Nepal",Junior,"As a Data Analyst at Orbit Data Co, you will analyze large datasets, optimize database queries, and partner with stakeholders across the business. Core requirements include reporting, data visualization, and data cleaning. Bonus points for exposure to statistics.",2026-05-17
255,Applied Data Scientist,Quanta Systems,Data Scientist,"Toronto, Canada",Junior,"As a Applied Data Scientist at Quanta Systems, you will support experimentation and A/B testing, optimize database queries, and partner with stakeholders across the business. Core requirements include Python, pandas, and statistics. Bonus points for exposure to SQL.",2026-04-30
256,ML Engineer,Vertex Insights,ML Engineer,"London, UK",Junior,"As a ML Engineer at Vertex Insights, you will partner with product and engineering teams, develop predictive models, and partner with stakeholders across the business. Core requirements include feature engineering, deep learning, and Python. Bonus points for exposure to AWS.",2026-03-08
257,Senior Data Engineer,Vertex Insights,Data Engineer,"Berlin, Germany",Junior,"We are looking for a Senior Data Engineer to join our growing team. You will work closely with cross-functional stakeholders to analyze large datasets and validate data quality. Strong hands-on experience with SQL, AWS, and Redshift is required. Familiarity with Airflow is a plus. This is a great opportunity to grow your career in a fast-paced, data-driven environment.",2026-03-12
258,Business Systems Analyst,Skylark Data,Business Analyst,"Sydney, Australia",Junior,"We are looking for a Business Systems Analyst to join our growing team. You will work closely with cross-functional stakeholders to translate business requirements into technical specifications and validate data quality. Strong hands-on experience with Jira, requirements gathering, and stakeholder communication is required. Familiarity with functional specifications is a plus. This is a great opportunity to grow your career in a fast-paced, data-driven environment.",2026-05-15
259,Business Systems Analyst,BrightPath AI,Business Analyst,Remote,Junior,"BrightPath AI is hiring a Business Systems Analyst to support our data and analytics function. Responsibilities include analyze large datasets, develop predictive models, and collaborating with engineering and product teams. Ideal candidates have practical experience with stakeholder communication, functional specifications, and data validation, along with a solid foundation in Excel.",2026-05-23
260,Applied ML Engineer,Clarion Health,ML Engineer,"Toronto, Canada",Entry,"As a Applied ML Engineer at Clarion Health, you will analyze large datasets, automate reporting workflows, and partner with stakeholders across the business. Core requirements include PyTorch, Python, and MLOps. Bonus points for exposure to deep learning.",
261,Data Scientist II,BrightPath AI,Data Scientist,Remote,Mid,"Join BrightPath AI as a Data Scientist II! In this role you'll build and maintain dashboards and automate reporting workflows to help drive business decisions. We're looking for someone proficient in Python and experimentation, with working knowledge of scikit-learn. Experience with deep learning is preferred but not required.",2026-04-06
262,Data Quality Specialist,Vertex Insights,Data Quality Analyst,"Sydney, Australia",Entry,"As a Data Quality Specialist at Vertex Insights, you will design data pipelines, optimize database queries, and partner with stakeholders across the business. Core requirements include Python, ETL, and reporting. Bonus points for exposure to data validation.",2026-05-27
263,Data Quality Specialist,Anchorpoint AI,Data Quality Analyst,"Sydney, Australia",Mid,"Anchorpoint AI is hiring a Data Quality Specialist to support our data and analytics function. Responsibilities include partner with product and engineering teams, validate data quality, and collaborating with engineering and product teams. Ideal candidates have practical experience with data governance, data profiling, and data cleansing, along with a solid foundation in Excel.",2026-07-10
264,Data Quality Specialist,Vertex Insights,Data Quality Analyst,"Sydney, Australia",Entry,"As a Data Quality Specialist at Vertex Insights, you will document functional specifications, build and maintain dashboards, and partner with stakeholders across the business. Core requirements include data profiling, Python, and data governance. Bonus points for exposure to Excel.",2026-06-21
265,Applied Data Scientist,BrightPath AI,Data Scientist,Remote,Entry,"BrightPath AI is hiring a Applied Data Scientist to support our data and analytics function. Responsibilities include validate data quality, translate business requirements into technical specifications, and collaborating with engineering and product teams. Ideal candidates have practical experience with experimentation, A/B testing, and XGBoost, along with a solid foundation in Python.",2026-04-12
266,Data Engineer,Anchorpoint AI,Data Engineer,"Kathmandu, Nepal",Entry,"As a Data Engineer at Anchorpoint AI, you will optimize database queries, support experimentation and A/B testing, and partner with stakeholders across the business. Core requirements include Docker, data modeling, and Kafka. Bonus points for exposure to ETL.",2026-04-05
267,Data Analyst II,Skylark Data,Data Analyst,"Sydney, Australia",Junior,"Join Skylark Data as a Data Analyst II! In this role you'll validate data quality and analyze large datasets to help drive business decisions. We're looking for someone proficient in Power BI and statistics, with working knowledge of Excel. Experience with SQL is preferred but not required.",2026-06-14
268,Business Data Analyst,Clarion Health,Data Analyst,Singapore,Junior,"As a Business Data Analyst at Clarion Health, you will develop predictive models, document functional specifications, and partner with stakeholders across the business. Core requirements include stakeholder communication, Excel, and A/B testing. Bonus points for exposure to data cleaning.",2026-03-22
269,Data Quality Analyst,Kestrel Technologies,Data Quality Analyst,Singapore,Junior,"Join Kestrel Technologies as a Data Quality Analyst! In this role you'll translate business requirements into technical specifications and optimize database queries to help drive business decisions. We're looking for someone proficient in SQL and data validation, with working knowledge of Python. Experience with Excel is preferred but not required.",2026-04-25
270,Data Scientist,Datavantis,Data Scientist,Singapore,Senior,"Join Datavantis as a Data Scientist! In this role you'll optimize database queries and build and maintain dashboards to help drive business decisions. We're looking for someone proficient in scikit-learn and Python, with working knowledge of A/B testing. Experience with pandas is preferred but not required.",2026-01-31
271,Business Systems Analyst,Meridian Labs,Business Analyst,"Bengaluru, India",Entry,"Join Meridian Labs as a Business Systems Analyst! In this role you'll support experimentation and A/B testing and build and maintain dashboards to help drive business decisions. We're looking for someone proficient in stakeholder communication and Jira, with working knowledge of Excel. Experience with SQL is preferred but not required.",2026-03-12
272,Applied ML Engineer,Northbridge Analytics,ML Engineer,"Dublin, Ireland",Senior,"We are looking for a Applied ML Engineer to join our growing team. You will work closely with cross-functional stakeholders to design data pipelines and support experimentation and A/B testing. Strong hands-on experience with TensorFlow, Kubernetes, and AWS is required. Familiarity with CI/CD is a plus. This is a great opportunity to grow your career in a fast-paced, data-driven environment.",2026-03-13
273,Junior Data Engineer,Fieldstone Group,Data Engineer,"Berlin, Germany",Entry,"As a Junior Data Engineer at Fieldstone Group, you will conduct root-cause analysis, develop predictive models, and partner with stakeholders across the business. Core requirements include ETL, data pipelines, and Python. Bonus points for exposure to Redshift.",2026-02-10
274,Data Scientist,Fieldstone Group,Data Scientist,Singapore,Senior,"As a Data Scientist at Fieldstone Group, you will validate data quality, build and maintain dashboards, and partner with stakeholders across the business. Core requirements include deep learning, XGBoost, and statistics. Bonus points for exposure to pandas.",2026-07-02
275,,Havenwood Tech,Business Analyst,"Dublin, Ireland",Junior,"Havenwood Tech is hiring a Junior Business Analyst to support our data and analytics function. Responsibilities include translate business requirements into technical specifications, partner with product and engineering teams, and collaborating with engineering and product teams. Ideal candidates have practical experience with requirements gathering, UAT, and Jira, along with a solid foundation in Agile.",2026-01-17
276,ML Engineer,Fieldstone Group,ML Engineer,Remote,Mid,"Join Fieldstone Group as a ML Engineer! In this role you'll automate reporting workflows and optimize database queries to help drive business decisions. We're looking for someone proficient in Kubernetes and PyTorch, with working knowledge of CI/CD. Experience with AWS is preferred but not required.",2026-02-27
277,Machine Learning Engineer,Skylark Data,ML Engineer,"Sydney, Australia",Senior,"We are looking for a Machine Learning Engineer to join our growing team. You will work closely with cross-functional stakeholders to document functional specifications and partner with product and engineering teams. Strong hands-on experience with PyTorch, AWS, and TensorFlow is required. Familiarity with deep learning is a plus. This is a great opportunity to grow your career in a fast-paced, data-driven environment.",2026-02-16
278,Business Data Analyst,Fieldstone Group,Data Analyst,"Dublin, Ireland",Mid,,2026-03-29
279,Senior Data Scientist,Datavantis,Data Scientist,Singapore,Mid,"Join Datavantis as a Senior Data Scientist! In this role you'll develop predictive models and analyze large datasets to help drive business decisions. We're looking for someone proficient in statistics and Python, with working knowledge of XGBoost. Experience with SQL is preferred but not required.",2026-04-24
280,Senior Data Engineer,Fieldstone Group,Data Engineer,"Toronto, Canada",Entry,"As a Senior Data Engineer at Fieldstone Group, you will develop predictive models, validate data quality, and partner with stakeholders across the business. Core requirements include Airflow, ETL, and Spark. Bonus points for exposure to data modeling.",2026-06-18
281,Senior Data Scientist,Meridian Labs,Data Scientist,Singapore,Senior,"As a Senior Data Scientist at Meridian Labs, you will build and maintain dashboards, validate data quality, and partner with stakeholders across the business. Core requirements include deep learning, A/B testing, and Python. Bonus points for exposure to scikit-learn.",2026-02-26
282,Business Analyst,Clarion Health,Business Analyst,"London, UK",Junior,"Clarion Health is hiring a Business Analyst to support our data and analytics function. Responsibilities include analyze large datasets, develop predictive models, and collaborating with engineering and product teams. Ideal candidates have practical experience with SQL, stakeholder communication, and Agile, along with a solid foundation in data validation.",2026-03-14
283,Business Systems Analyst,Pinegrove Solutions,Business Analyst,"Bengaluru, India",Entry,"As a Business Systems Analyst at Pinegrove Solutions, you will support experimentation and A/B testing, design data pipelines, and partner with stakeholders across the business. Core requirements include stakeholder communication, functional specifications, and UAT. Bonus points for exposure to Excel.",2026-04-12
284,Junior Data Engineer,Fieldstone Group,Data Engineer,"Berlin, Germany",Entry,"Fieldstone Group is hiring a Junior Data Engineer to support our data and analytics function. Responsibilities include design data pipelines, document functional specifications, and collaborating with engineering and product teams. Ideal candidates have practical experience with Spark, SQL, and Docker, along with a solid foundation in data pipelines.",2026-01-26
285,Data Scientist II,Quanta Systems,Data Scientist,Singapore,Entry,"We are looking for a Data Scientist II to join our growing team. You will work closely with cross-functional stakeholders to conduct root-cause analysis and design data pipelines. Strong hands-on experience with experimentation, Python, and XGBoost is required. Familiarity with scikit-learn is a plus. This is a great opportunity to grow your career in a fast-paced, data-driven environment.",2026-02-05
286,Senior Data Engineer,Vertex Insights,Data Engineer,Singapore,Mid,"As a Senior Data Engineer at Vertex Insights, you will validate data quality, conduct root-cause analysis, and partner with stakeholders across the business. Core requirements include data modeling, Spark, and Airflow. Bonus points for exposure to Kafka.",2026-07-09
287,Junior Business Analyst,Fieldstone Group,Business Analyst,"New York, USA",Mid,"Join Fieldstone Group as a Junior Business Analyst! In this role you'll develop predictive models and validate data quality to help drive business decisions. We're looking for someone proficient in Excel and requirements gathering, with working knowledge of UAT. Experience with SQL is preferred but not required.",2026-05-05
288,Data Quality Specialist,Havenwood Tech,Data Quality Analyst,"Berlin, Germany",Junior,"Join Havenwood Tech as a Data Quality Specialist! In this role you'll document functional specifications and optimize database queries to help drive business decisions. We're looking for someone proficient in data profiling and Excel, with working knowledge of data governance. Experience with SQL is preferred but not required.",2026-07-04
289,Data Governance Analyst,Quanta Systems,Data Quality Analyst,"Berlin, Germany",Senior,"Quanta Systems is hiring a Data Governance Analyst to support our data and analytics function. Responsibilities include partner with product and engineering teams, document functional specifications, and collaborating with engineering and product teams. Ideal candidates have practical experience with data cleansing, reporting, and SQL, along with a solid foundation in ETL.",2026-05-15
290,Data Quality Specialist,Pinegrove Solutions,Data Quality Analyst,"Toronto, Canada",Mid,"Pinegrove Solutions is hiring a Data Quality Specialist to support our data and analytics function. Responsibilities include conduct root-cause analysis, automate reporting workflows, and collaborating with engineering and product teams. Ideal candidates have practical experience with Excel, ETL, and data profiling, along with a solid foundation in data cleansing.",2026-03-12
291,Applied Data Scientist,Anchorpoint AI,Data Scientist,"Dublin, Ireland",Junior,"Join Anchorpoint AI as a Applied Data Scientist! In this role you'll develop predictive models and translate business requirements into technical specifications to help drive business decisions. We're looking for someone proficient in experimentation and A/B testing, with working knowledge of machine learning. Experience with statistics is preferred but not required.",2026-04-17
292,Senior Data Engineer,Kestrel Technologies,Data Engineer,"Berlin, Germany",Senior,"We are looking for a Senior Data Engineer to join our growing team. You will work closely with cross-functional stakeholders to support experimentation and A/B testing and translate business requirements into technical specifications. Strong hands-on experience with Python, data modeling, and SQL is required. Familiarity with Kafka is a plus. This is a great opportunity to grow your career in a fast-paced, data-driven environment.",2026-04-04
293,Business Systems Analyst,Vertex Insights,Business Analyst,"Kathmandu, Nepal",Junior,"Vertex Insights is hiring a Business Systems Analyst to support our data and analytics function. Responsibilities include document functional specifications, support experimentation and A/B testing, and collaborating with engineering and product teams. Ideal candidates have practical experience with Jira, stakeholder communication, and functional specifications, along with a solid foundation in data validation.",2026-05-25
294,Data Analyst II,BrightPath AI,Data Analyst,Remote,Mid,"BrightPath AI is hiring a Data Analyst II to support our data and analytics function. Responsibilities include validate data quality, translate business requirements into technical specifications, and collaborating with engineering and product teams. Ideal candidates have practical experience with data cleaning, SQL, and stakeholder communication, along with a solid foundation in statistics.",2026-05-31
295,,Clarion Health,ML Engineer,"Sydney, Australia",Senior,"We are looking for a Machine Learning Engineer to join our growing team. You will work closely with cross-functional stakeholders to support experimentation and A/B testing and optimize database queries. Strong hands-on experience with feature engineering, AWS, and CI/CD is required. Familiarity with deep learning is a plus. This is a great opportunity to grow your career in a fast-paced, data-driven environment.",2026-04-06
296,Business Data Analyst,Skylark Data,Data Analyst,"Dublin, Ireland",Junior,"Join Skylark Data as a Business Data Analyst! In this role you'll translate business requirements into technical specifications and develop predictive models to help drive business decisions. We're looking for someone proficient in SQL and data cleaning, with working knowledge of stakeholder communication. Experience with Tableau is preferred but not required.",2026-04-03
297,Junior Business Analyst,Quanta Systems,Business Analyst,Remote,Entry,"Join Quanta Systems as a Junior Business Analyst! In this role you'll partner with product and engineering teams and automate reporting workflows to help drive business decisions. We're looking for someone proficient in SQL and Excel, with working knowledge of data validation. Experience with stakeholder communication is preferred but not required.",2026-01-16
298,Applied Data Scientist,Havenwood Tech,Data Scientist,"Toronto, Canada",Mid,"Havenwood Tech is hiring a Applied Data Scientist to support our data and analytics function. Responsibilities include translate business requirements into technical specifications, partner with product and engineering teams, and collaborating with engineering and product teams. Ideal candidates have practical experience with statistics, scikit-learn, and feature engineering, along with a solid foundation in Python.",2026-07-05
299,Junior Business Analyst,Clarion Health,Business Analyst,"Bengaluru, India",Mid,"We are looking for a Junior Business Analyst to join our growing team. You will work closely with cross-functional stakeholders to automate reporting workflows and document functional specifications. Strong hands-on experience with SQL, process mapping, and Excel is required. Familiarity with data validation is a plus. This is a great opportunity to grow your career in a fast-paced, data-driven environment.",2026-06-28
300,Data Quality Analyst,Pinegrove Solutions,Data Quality Analyst,"Kathmandu, Nepal",Entry,"Join Pinegrove Solutions as a Data Quality Analyst! In this role you'll build and maintain dashboards and automate reporting workflows to help drive business decisions. We're looking for someone proficient in data validation and data cleansing, with working knowledge of metadata management. Experience with data governance is preferred but not required.",2026-06-01
301,Data Scientist,Quanta Systems,Data Scientist,Singapore,Entry,"We are looking for a Data Scientist to join our growing team. You will work closely with cross-functional stakeholders to optimize database queries and build and maintain dashboards. Strong hands-on experience with experimentation, deep learning, and SQL is required. Familiarity with scikit-learn is a plus. This is a great opportunity to grow your career in a fast-paced, data-driven environment.",2026-06-13
302,ML Engineer,Kestrel Technologies,ML Engineer,"London, UK",Mid,"We are looking for a ML Engineer to join our growing team. You will work closely with cross-functional stakeholders to validate data quality and design data pipelines. Strong hands-on experience with deep learning, MLOps, and Kubernetes is required. Familiarity with AWS is a plus. This is a great opportunity to grow your career in a fast-paced, data-driven environment.",2026-05-18
303,Data Governance Analyst,BrightPath AI,Data Quality Analyst,"London, UK",Entry,"As a Data Governance Analyst at BrightPath AI, you will document functional specifications, conduct root-cause analysis, and partner with stakeholders across the business. Core requirements include SQL, data validation, and Excel. Bonus points for exposure to data cleansing.",2026-06-17
304,Business Analyst,Anchorpoint AI,Business Analyst,"Bengaluru, India",Mid,"We are looking for a Business Analyst to join our growing team. You will work closely with cross-functional stakeholders to support experimentation and A/B testing and analyze large datasets. Strong hands-on experience with stakeholder communication, UAT, and Excel is required. Familiarity with Jira is a plus. This is a great opportunity to grow your career in a fast-paced, data-driven environment.",2026-06-30
305,Senior Data Engineer,Skylark Data,Data Engineer,"New York, USA",Senior,"Skylark Data is hiring a Senior Data Engineer to support our data and analytics function. Responsibilities include analyze large datasets, design data pipelines, and collaborating with engineering and product teams. Ideal candidates have practical experience with Kafka, Python, and data pipelines, along with a solid foundation in SQL.",2026-03-20
306,Business Systems Analyst,Havenwood Tech,Business Analyst,"Bengaluru, India",Mid,"Join Havenwood Tech as a Business Systems Analyst! In this role you'll optimize database queries and support experimentation and A/B testing to help drive business decisions. We're looking for someone proficient in functional specifications and Jira, with working knowledge of requirements gathering. Experience with stakeholder communication is preferred but not required.",2026-01-15
307,AI Engineer,Pinegrove Solutions,ML Engineer,Remote,Entry,"As a AI Engineer at Pinegrove Solutions, you will optimize database queries, document functional specifications, and partner with stakeholders across the business. Core requirements include TensorFlow, Python, and feature engineering. Bonus points for exposure to PyTorch.",2026-01-18
308,ML Engineer,Kestrel Technologies,ML Engineer,Singapore,Mid,"As a ML Engineer at Kestrel Technologies, you will support experimentation and A/B testing, build and maintain dashboards, and partner with stakeholders across the business. Core requirements include CI/CD, Python, and TensorFlow. Bonus points for exposure to model deployment.",2026-06-24
309,Senior Data Engineer,Datavantis,Data Engineer,"Dublin, Ireland",Junior,"We are looking for a Senior Data Engineer to join our growing team. You will work closely with cross-functional stakeholders to partner with product and engineering teams and document functional specifications. Strong hands-on experience with data pipelines, AWS, and PostgreSQL is required. Familiarity with Redshift is a plus. This is a great opportunity to grow your career in a fast-paced, data-driven environment.",2026-05-08
310,Applied ML Engineer,Pinegrove Solutions,ML Engineer,Singapore,Junior,"As a Applied ML Engineer at Pinegrove Solutions, you will conduct root-cause analysis, design data pipelines, and partner with stakeholders across the business. Core requirements include deep learning, CI/CD, and Python. Bonus points for exposure to feature engineering.",2026-05-29
311,Data Analyst II,BrightPath AI,Data Analyst,"London, UK",Mid,"As a Data Analyst II at BrightPath AI, you will automate reporting workflows, conduct root-cause analysis, and partner with stakeholders across the business. Core requirements include Python, SQL, and A/B testing. Bonus points for exposure to Tableau.",2026-05-11
312,Data Analyst II,Orbit Data Co,Data Analyst,"Sydney, Australia",Senior,"We are looking for a Data Analyst II to join our growing team. You will work closely with cross-functional stakeholders to build and maintain dashboards and support experimentation and A/B testing. Strong hands-on experience with Excel, statistics, and data cleaning is required. Familiarity with pandas is a plus. This is a great opportunity to grow your career in a fast-paced, data-driven environment.",2026-03-27
313,Data Analyst,Fieldstone Group,Data Analyst,"Bengaluru, India",Mid,"We are looking for a Data Analyst to join our growing team. You will work closely with cross-functional stakeholders to develop predictive models and partner with product and engineering teams. Strong hands-on experience with A/B testing, stakeholder communication, and Tableau is required. Familiarity with statistics is a plus. This is a great opportunity to grow your career in a fast-paced, data-driven environment.",2026-03-16
314,ETL Developer,Anchorpoint AI,Data Engineer,"New York, USA",Senior,"Join Anchorpoint AI as a ETL Developer! In this role you'll develop predictive models and partner with product and engineering teams to help drive business decisions. We're looking for someone proficient in Python and Kafka, with working knowledge of Airflow. Experience with SQL is preferred but not required.",2026-04-06
315,Data Quality Analyst,Datavantis,Data Quality Analyst,Remote,Senior,"Datavantis is hiring a Data Quality Analyst to support our data and analytics function. Responsibilities include document functional specifications, translate business requirements into technical specifications, and collaborating with engineering and product teams. Ideal candidates have practical experience with data profiling, data cleansing, and data validation, along with a solid foundation in reporting.",2026-04-01
316,Senior Data Scientist,Fieldstone Group,Data Scientist,"London, UK",Mid,"Fieldstone Group is hiring a Senior Data Scientist to support our data and analytics function. Responsibilities include support experimentation and A/B testing, partner with product and engineering teams, and collaborating with engineering and product teams. Ideal candidates have practical experience with machine learning, feature engineering, and Python, along with a solid foundation in experimentation.",2026-07-09
317,Junior Business Analyst,Datavantis,Business Analyst,"Dublin, Ireland",Senior,"Datavantis is hiring a Junior Business Analyst to support our data and analytics function. Responsibilities include document functional specifications, design data pipelines, and collaborating with engineering and product teams. Ideal candidates have practical experience with Agile, UAT, and Jira, along with a solid foundation in functional specifications.",2026-01-23
318,Junior Business Analyst,Havenwood Tech,Business Analyst,"New York, USA",Senior,"As a Junior Business Analyst at Havenwood Tech, you will develop predictive models, validate data quality, and partner with stakeholders across the business. Core requirements include process mapping, stakeholder communication, and Excel. Bonus points for exposure to data validation.",2026-06-05
319,Applied ML Engineer,Fieldstone Group,ML Engineer,"Dublin, Ireland",Mid,"Join Fieldstone Group as a Applied ML Engineer! In this role you'll document functional specifications and validate data quality to help drive business decisions. We're looking for someone proficient in deep learning and MLOps, with working knowledge of CI/CD. Experience with feature engineering is preferred but not required.",2026-06-07
320,Data Quality Specialist,Clarion Health,Data Quality Analyst,"Dublin, Ireland",Mid,"As a Data Quality Specialist at Clarion Health, you will document functional specifications, conduct root-cause analysis, and partner with stakeholders across the business. Core requirements include data validation, Python, and metadata management. Bonus points for exposure to ETL.",2026-02-24
321,ETL Developer,Skylark Data,Data Engineer,"Kathmandu, Nepal",Entry,"Skylark Data is hiring a ETL Developer to support our data and analytics function. Responsibilities include conduct root-cause analysis, analyze large datasets, and collaborating with engineering and product teams. Ideal candidates have practical experience with SQL, Docker, and ETL, along with a solid foundation in Kafka.",2026-05-30
322,Senior Data Engineer,Clarion Health,Data Engineer,"Kathmandu, Nepal",Mid,"Clarion Health is hiring a Senior Data Engineer to support our data and analytics function. Responsibilities include support experimentation and A/B testing, build and maintain dashboards, and collaborating with engineering and product teams. Ideal candidates have practical experience with Airflow, PostgreSQL, and SQL, along with a solid foundation in AWS.",2026-02-17
323,ML Engineer,Lumen Analytics,ML Engineer,"Berlin, Germany",Entry,"We are looking for a ML Engineer to join our growing team. You will work closely with cross-functional stakeholders to automate reporting workflows and analyze large datasets. Strong hands-on experience with AWS, feature engineering, and CI/CD is required. Familiarity with Kubernetes is a plus. This is a great opportunity to grow your career in a fast-paced, data-driven environment.",2026-05-20
324,Business Systems Analyst,Fieldstone Group,Business Analyst,"London, UK",Mid,"Join Fieldstone Group as a Business Systems Analyst! In this role you'll partner with product and engineering teams and translate business requirements into technical specifications to help drive business decisions. We're looking for someone proficient in Agile and data validation, with working knowledge of stakeholder communication. Experience with process mapping is preferred but not required.",2026-01-17
325,Junior Data Analyst,Clarion Health,Data Analyst,"Dublin, Ireland",Entry,"Clarion Health is hiring a Junior Data Analyst to support our data and analytics function. Responsibilities include automate reporting workflows, validate data quality, and collaborating with engineering and product teams. Ideal candidates have practical experience with data visualization, SQL, and stakeholder communication, along with a solid foundation in Python.",2026-05-06
326,Business Data Analyst,Orbit Data Co,Data Analyst,Remote,Entry,"Join Orbit Data Co as a Business Data Analyst! In this role you'll conduct root-cause analysis and document functional specifications to help drive business decisions. We're looking for someone proficient in Power BI and pandas, with working knowledge of reporting. Experience with SQL is preferred but not required.",2026-02-14
327,Business Systems Analyst,Northbridge Analytics,Business Analyst,"New York, USA",Junior,"As a Business Systems Analyst at Northbridge Analytics, you will automate reporting workflows, design data pipelines, and partner with stakeholders across the business. Core requirements include Jira, data validation, and requirements gathering. Bonus points for exposure to process mapping.",2026-03-29
328,Business Data Analyst,Meridian Labs,Data Analyst,"London, UK",Mid,"As a Business Data Analyst at Meridian Labs, you will document functional specifications, automate reporting workflows, and partner with stakeholders across the business. Core requirements include pandas, stakeholder communication, and Python. Bonus points for exposure to Tableau.",2026-01-25
329,Data Analyst,Pinegrove Solutions,Data Analyst,"New York, USA",Senior,"Join Pinegrove Solutions as a Data Analyst! In this role you'll analyze large datasets and conduct root-cause analysis to help drive business decisions. We're looking for someone proficient in Tableau and data cleaning, with working knowledge of reporting. Experience with stakeholder communication is preferred but not required.",2026-06-11
330,Applied ML Engineer,Lumen Analytics,ML Engineer,"Berlin, Germany",Entry,"Join Lumen Analytics as a Applied ML Engineer! In this role you'll support experimentation and A/B testing and analyze large datasets to help drive business decisions. We're looking for someone proficient in deep learning and Kubernetes, with working knowledge of feature engineering. Experience with model deployment is preferred but not required.",2026-05-22
331,Data Engineer,Northbridge Analytics,Data Engineer,Remote,Entry,"We are looking for a Data Engineer to join our growing team. You will work closely with cross-functional stakeholders to conduct root-cause analysis and optimize database queries. Strong hands-on experience with data pipelines, Python, and Airflow is required. Familiarity with Redshift is a plus. This is a great opportunity to grow your career in a fast-paced, data-driven environment.",2026-01-12
332,Data Governance Analyst,Pinegrove Solutions,Data Quality Analyst,"Bengaluru, India",Junior,"We are looking for a Data Governance Analyst to join our growing team. You will work closely with cross-functional stakeholders to build and maintain dashboards and partner with product and engineering teams. Strong hands-on experience with SQL, metadata management, and Python is required. Familiarity with reporting is a plus. This is a great opportunity to grow your career in a fast-paced, data-driven environment.",2026-05-07
333,Business Analyst,Kestrel Technologies,Business Analyst,"London, UK",Mid,"Join Kestrel Technologies as a Business Analyst! In this role you'll optimize database queries and partner with product and engineering teams to help drive business decisions. We're looking for someone proficient in process mapping and Agile, with working knowledge of UAT. Experience with functional specifications is preferred but not required.",
334,Data Analyst,Pinegrove Solutions,Data Analyst,"Sydney, Australia",Entry,"We are looking for a Data Analyst to join our growing team. You will work closely with cross-functional stakeholders to develop predictive models and automate reporting workflows. Strong hands-on experience with stakeholder communication, reporting, and SQL is required. Familiarity with Excel is a plus. This is a great opportunity to grow your career in a fast-paced, data-driven environment.",2026-01-16
335,Data Engineer,Quanta Systems,Data Engineer,"Toronto, Canada",Senior,"Quanta Systems is hiring a Data Engineer to support our data and analytics function. Responsibilities include design data pipelines, automate reporting workflows, and collaborating with engineering and product teams. Ideal candidates have practical experience with Docker, data pipelines, and SQL, along with a solid foundation in data modeling.",2026-04-01
336,Business Systems Analyst,Pinegrove Solutions,Business Analyst,Remote,Mid,"As a Business Systems Analyst at Pinegrove Solutions, you will analyze large datasets, partner with product and engineering teams, and partner with stakeholders across the business. Core requirements include functional specifications, SQL, and Jira. Bonus points for exposure to data validation.",2026-06-19
337,Junior Data Engineer,Anchorpoint AI,Data Engineer,"New York, USA",Junior,"Anchorpoint AI is hiring a Junior Data Engineer to support our data and analytics function. Responsibilities include design data pipelines, partner with product and engineering teams, and collaborating with engineering and product teams. Ideal candidates have practical experience with Docker, data pipelines, and PostgreSQL, along with a solid foundation in ETL.",2026-05-07
338,Data Scientist,Clarion Health,Data Scientist,"Sydney, Australia",Entry,"We are looking for a Data Scientist to join our growing team. You will work closely with cross-functional stakeholders to validate data quality and conduct root-cause analysis. Strong hands-on experience with deep learning, XGBoost, and experimentation is required. Familiarity with machine learning is a plus. This is a great opportunity to grow your career in a fast-paced, data-driven environment.",2026-05-21
339,Data Quality Specialist,Orbit Data Co,Data Quality Analyst,"New York, USA",Mid,"Orbit Data Co is hiring a Data Quality Specialist to support our data and analytics function. Responsibilities include document functional specifications, build and maintain dashboards, and collaborating with engineering and product teams. Ideal candidates have practical experience with data profiling, data governance, and data validation, along with a solid foundation in reporting.",2026-03-17
340,Senior Data Engineer,Anchorpoint AI,Data Engineer,"Sydney, Australia",Junior,"We are looking for a Senior Data Engineer to join our growing team. You will work closely with cross-functional stakeholders to optimize database queries and design data pipelines. Strong hands-on experience with Redshift, Kafka, and AWS is required. Familiarity with data pipelines is a plus. This is a great opportunity to grow your career in a fast-paced, data-driven environment.",2026-05-15
341,Data Quality Specialist,Pinegrove Solutions,Data Quality Analyst,Singapore,Mid,"Join Pinegrove Solutions as a Data Quality Specialist! In this role you'll support experimentation and A/B testing and partner with product and engineering teams to help drive business decisions. We're looking for someone proficient in Python and data profiling, with working knowledge of reporting. Experience with data governance is preferred but not required.",2026-03-08
342,Business Analyst,Clarion Health,Business Analyst,"Sydney, Australia",Entry,"We are looking for a Business Analyst to join our growing team. You will work closely with cross-functional stakeholders to partner with product and engineering teams and conduct root-cause analysis. Strong hands-on experience with Excel, Jira, and stakeholder communication is required. Familiarity with data validation is a plus. This is a great opportunity to grow your career in a fast-paced, data-driven environment.",2026-07-06
343,Junior Business Analyst,Datavantis,Business Analyst,"Sydney, Australia",Senior,"As a Junior Business Analyst at Datavantis, you will validate data quality, automate reporting workflows, and partner with stakeholders across the business. Core requirements include Agile, stakeholder communication, and SQL. Bonus points for exposure to Excel.",2026-06-02
344,ETL Developer,Meridian Labs,Data Engineer,"Sydney, Australia",Mid,"Join Meridian Labs as a ETL Developer! In this role you'll build and maintain dashboards and optimize database queries to help drive business decisions. We're looking for someone proficient in ETL and data modeling, with working knowledge of PostgreSQL. Experience with Redshift is preferred but not required.",2026-01-22
345,Data Scientist II,Skylark Data,Data Scientist,"Dublin, Ireland",Junior,,2026-05-12
346,Business Data Analyst,BrightPath AI,Data Analyst,"London, UK",Entry,"As a Business Data Analyst at BrightPath AI, you will optimize database queries, support experimentation and A/B testing, and partner with stakeholders across the business. Core requirements include data cleaning, Tableau, and A/B testing. Bonus points for exposure to pandas.",2026-06-30
347,Data Governance Analyst,Northbridge Analytics,Data Quality Analyst,"Dublin, Ireland",Mid,"Join Northbridge Analytics as a Data Governance Analyst! In this role you'll conduct root-cause analysis and optimize database queries to help drive business decisions. We're looking for someone proficient in ETL and Excel, with working knowledge of data profiling. Experience with data governance is preferred but not required.",2026-06-21
348,Business Systems Analyst,Vertex Insights,Business Analyst,"London, UK",Senior,"We are looking for a Business Systems Analyst to join our growing team. You will work closely with cross-functional stakeholders to support experimentation and A/B testing and document functional specifications. Strong hands-on experience with functional specifications, Agile, and UAT is required. Familiarity with process mapping is a plus. This is a great opportunity to grow your career in a fast-paced, data-driven environment.",2026-06-05
349,ML Engineer,Meridian Labs,ML Engineer,"Bengaluru, India",Mid,"We are looking for a ML Engineer to join our growing team. You will work closely with cross-functional stakeholders to develop predictive models and document functional specifications. Strong hands-on experience with MLOps, TensorFlow, and CI/CD is required. Familiarity with deep learning is a plus. This is a great opportunity to grow your career in a fast-paced, data-driven environment.",2026-03-26
350,Data Engineer,Orbit Data Co,Data Engineer,"Toronto, Canada",Senior,"We are looking for a Data Engineer to join our growing team. You will work closely with cross-functional stakeholders to analyze large datasets and translate business requirements into technical specifications. Strong hands-on experience with Airflow, Redshift, and ETL is required. Familiarity with Docker is a plus. This is a great opportunity to grow your career in a fast-paced, data-driven environment.",2026-02-09
351,Data Scientist II,Pinegrove Solutions,Data Scientist,"Dublin, Ireland",Entry,"As a Data Scientist II at Pinegrove Solutions, you will validate data quality, design data pipelines, and partner with stakeholders across the business. Core requirements include pandas, scikit-learn, and Python. Bonus points for exposure to experimentation.",2026-02-16
352,Data Quality Analyst,Havenwood Tech,Data Quality Analyst,"Berlin, Germany",Entry,"Havenwood Tech is hiring a Data Quality Analyst to support our data and analytics function. Responsibilities include support experimentation and A/B testing, design data pipelines, and collaborating with engineering and product teams. Ideal candidates have practical experience with data governance, metadata management, and Excel, along with a solid foundation in data cleansing.",2026-02-07
353,Data Scientist II,Kestrel Technologies,Data Scientist,"Dublin, Ireland",Mid,"As a Data Scientist II at Kestrel Technologies, you will translate business requirements into technical specifications, optimize database queries, and partner with stakeholders across the business. Core requirements include scikit-learn, A/B testing, and XGBoost. Bonus points for exposure to machine learning.",2026-07-06
354,Senior Data Scientist,Fieldstone Group,Data Scientist,Remote,Entry,"Fieldstone Group is hiring a Senior Data Scientist to support our data and analytics function. Responsibilities include build and maintain dashboards, support experimentation and A/B testing, and collaborating with engineering and product teams. Ideal candidates have practical experience with scikit-learn, XGBoost, and Python, along with a solid foundation in machine learning.",2026-02-22
355,Data Analyst II,Lumen Analytics,Data Analyst,Singapore,Mid,"Join Lumen Analytics as a Data Analyst II! In this role you'll support experimentation and A/B testing and optimize database queries to help drive business decisions. We're looking for someone proficient in SQL and A/B testing, with working knowledge of data visualization. Experience with Tableau is preferred but not required.",2026-01-13
356,Business Analyst,Vertex Insights,Business Analyst,Remote,Mid,"As a Business Analyst at Vertex Insights, you will document functional specifications, automate reporting workflows, and partner with stakeholders across the business. Core requirements include UAT, stakeholder communication, and requirements gathering. Bonus points for exposure to Jira.",2026-07-09
357,Data Quality Specialist,Skylark Data,Data Quality Analyst,"Kathmandu, Nepal",Entry,"As a Data Quality Specialist at Skylark Data, you will translate business requirements into technical specifications, develop predictive models, and partner with stakeholders across the business. Core requirements include Excel, SQL, and data cleansing. Bonus points for exposure to Python.",2026-06-01
358,Applied ML Engineer,Quanta Systems,ML Engineer,"Dublin, Ireland",Senior,"As a Applied ML Engineer at Quanta Systems, you will translate business requirements into technical specifications, optimize database queries, and partner with stakeholders across the business. Core requirements include CI/CD, Kubernetes, and Docker. Bonus points for exposure to AWS.",2026-02-17
359,Business Systems Analyst,Quanta Systems,Business Analyst,"Berlin, Germany",Mid,"Quanta Systems is hiring a Business Systems Analyst to support our data and analytics function. Responsibilities include translate business requirements into technical specifications, support experimentation and A/B testing, and collaborating with engineering and product teams. Ideal candidates have practical experience with process mapping, Jira, and requirements gathering, along with a solid foundation in functional specifications.",2026-03-02
360,Applied ML Engineer,Skylark Data,ML Engineer,"Dublin, Ireland",Entry,"As a Applied ML Engineer at Skylark Data, you will design data pipelines, support experimentation and A/B testing, and partner with stakeholders across the business. Core requirements include TensorFlow, AWS, and Python. Bonus points for exposure to PyTorch.",2026-05-04
361,Applied Data Scientist,Northbridge Analytics,Data Scientist,"Sydney, Australia",Entry,"We are looking for a Applied Data Scientist to join our growing team. You will work closely with cross-functional stakeholders to partner with product and engineering teams and document functional specifications. Strong hands-on experience with feature engineering, experimentation, and deep learning is required. Familiarity with SQL is a plus. This is a great opportunity to grow your career in a fast-paced, data-driven environment.",2026-05-27
362,Data Governance Analyst,Orbit Data Co,Data Quality Analyst,"Kathmandu, Nepal",Junior,"Orbit Data Co is hiring a Data Governance Analyst to support our data and analytics function. Responsibilities include document functional specifications, automate reporting workflows, and collaborating with engineering and product teams. Ideal candidates have practical experience with Excel, ETL, and data governance, along with a solid foundation in SQL.",2026-01-19
363,Business Data Analyst,Meridian Labs,Data Analyst,"Kathmandu, Nepal",Junior,"As a Business Data Analyst at Meridian Labs, you will conduct root-cause analysis, optimize database queries, and partner with stakeholders across the business. Core requirements include Excel, Python, and data visualization. Bonus points for exposure to pandas.",2026-02-28
364,Data Analyst,Havenwood Tech,Data Analyst,"Bengaluru, India",Mid,"Havenwood Tech is hiring a Data Analyst to support our data and analytics function. Responsibilities include develop predictive models, validate data quality, and collaborating with engineering and product teams. Ideal candidates have practical experience with stakeholder communication, A/B testing, and reporting, along with a solid foundation in pandas.",2026-05-22
365,AI Engineer,Kestrel Technologies,ML Engineer,"Kathmandu, Nepal",Mid,"Join Kestrel Technologies as a AI Engineer! In this role you'll automate reporting workflows and build and maintain dashboards to help drive business decisions. We're looking for someone proficient in TensorFlow and AWS, with working knowledge of deep learning. Experience with PyTorch is preferred but not required.",2026-06-11
366,Business Systems Analyst,Havenwood Tech,Business Analyst,"Dublin, Ireland",Mid,"As a Business Systems Analyst at Havenwood Tech, you will translate business requirements into technical specifications, develop predictive models, and partner with stakeholders across the business. Core requirements include UAT, process mapping, and Agile. Bonus points for exposure to data validation.",2026-02-10
367,Data Analyst II,Northbridge Analytics,Data Analyst,"Berlin, Germany",Entry,"Join Northbridge Analytics as a Data Analyst II! In this role you'll develop predictive models and optimize database queries to help drive business decisions. We're looking for someone proficient in data visualization and data cleaning, with working knowledge of Tableau. Experience with reporting is preferred but not required.",2026-07-08
368,Data Governance Analyst,Meridian Labs,Data Quality Analyst,"Berlin, Germany",Entry,"Join Meridian Labs as a Data Governance Analyst! In this role you'll design data pipelines and support experimentation and A/B testing to help drive business decisions. We're looking for someone proficient in data cleansing and Python, with working knowledge of data validation. Experience with ETL is preferred but not required.",2026-02-14
369,Junior Data Engineer,Anchorpoint AI,Data Engineer,"London, UK",Senior,"Anchorpoint AI is hiring a Junior Data Engineer to support our data and analytics function. Responsibilities include validate data quality, translate business requirements into technical specifications, and collaborating with engineering and product teams. Ideal candidates have practical experience with Kafka, Airflow, and data pipelines, along with a solid foundation in Redshift.",2026-05-08
370,Business Systems Analyst,Clarion Health,Business Analyst,"Bengaluru, India",Entry,"As a Business Systems Analyst at Clarion Health, you will automate reporting workflows, analyze large datasets, and partner with stakeholders across the business. Core requirements include requirements gathering, UAT, and SQL. Bonus points for exposure to process mapping.",2026-04-21
371,Applied ML Engineer,Orbit Data Co,ML Engineer,Remote,Mid,"As a Applied ML Engineer at Orbit Data Co, you will automate reporting workflows, optimize database queries, and partner with stakeholders across the business. Core requirements include AWS, MLOps, and TensorFlow. Bonus points for exposure to Python.",2026-07-02
372,Business Systems Analyst,Vertex Insights,Business Analyst,Remote,Senior,"We are looking for a Business Systems Analyst to join our growing team. You will work closely with cross-functional stakeholders to partner with product and engineering teams and analyze large datasets. Strong hands-on experience with requirements gathering, data validation, and UAT is required. Familiarity with Jira is a plus. This is a great opportunity to grow your career in a fast-paced, data-driven environment.",2026-04-04
373,Business Analyst,BrightPath AI,Business Analyst,"New York, USA",Mid,"Join BrightPath AI as a Business Analyst! In this role you'll validate data quality and support experimentation and A/B testing to help drive business decisions. We're looking for someone proficient in Jira and data validation, with working knowledge of Excel. Experience with requirements gathering is preferred but not required.",2026-03-05
374,ML Engineer,Vertex Insights,ML Engineer,"New York, USA",Mid,"Vertex Insights is hiring a ML Engineer to support our data and analytics function. Responsibilities include document functional specifications, design data pipelines, and collaborating with engineering and product teams. Ideal candidates have practical experience with AWS, Docker, and model deployment, along with a solid foundation in TensorFlow.",2026-05-02
375,Senior Data Scientist,Fieldstone Group,Data Scientist,Singapore,Junior,"As a Senior Data Scientist at Fieldstone Group, you will design data pipelines, optimize database queries, and partner with stakeholders across the business. Core requirements include scikit-learn, experimentation, and XGBoost. Bonus points for exposure to Python.",2026-01-30
376,Junior Business Analyst,Anchorpoint AI,Business Analyst,"New York, USA",Senior,"We are looking for a Junior Business Analyst to join our growing team. You will work closely with cross-functional stakeholders to build and maintain dashboards and design data pipelines. Strong hands-on experience with Excel, Agile, and SQL is required. Familiarity with stakeholder communication is a plus. This is a great opportunity to grow your career in a fast-paced, data-driven environment.",2026-05-06
377,Machine Learning Engineer,Orbit Data Co,ML Engineer,"New York, USA",Mid,"As a Machine Learning Engineer at Orbit Data Co, you will develop predictive models, analyze large datasets, and partner with stakeholders across the business. Core requirements include Kubernetes, feature engineering, and deep learning. Bonus points for exposure to Docker.",2026-01-18
378,Business Analyst,Kestrel Technologies,Business Analyst,"Sydney, Australia",Junior,"As a Business Analyst at Kestrel Technologies, you will automate reporting workflows, support experimentation and A/B testing, and partner with stakeholders across the business. Core requirements include Excel, functional specifications, and data validation. Bonus points for exposure to UAT.",2026-04-04
379,Business Systems Analyst,Orbit Data Co,Business Analyst,Remote,Junior,"Orbit Data Co is hiring a Business Systems Analyst to support our data and analytics function. Responsibilities include build and maintain dashboards, partner with product and engineering teams, and collaborating with engineering and product teams. Ideal candidates have practical experience with functional specifications, process mapping, and data validation, along with a solid foundation in UAT.",2026-04-21
380,Senior Data Engineer,Anchorpoint AI,Data Engineer,"Berlin, Germany",Senior,"Anchorpoint AI is hiring a Senior Data Engineer to support our data and analytics function. Responsibilities include support experimentation and A/B testing, optimize database queries, and collaborating with engineering and product teams. Ideal candidates have practical experience with Spark, data modeling, and AWS, along with a solid foundation in PostgreSQL.",2026-07-05
381,Data Scientist II,Pinegrove Solutions,Data Scientist,"Berlin, Germany",Entry,"As a Data Scientist II at Pinegrove Solutions, you will build and maintain dashboards, partner with product and engineering teams, and partner with stakeholders across the business. Core requirements include statistics, scikit-learn, and feature engineering. Bonus points for exposure to machine learning.",2026-07-04
382,Machine Learning Engineer,Northbridge Analytics,ML Engineer,"Berlin, Germany",Junior,"As a Machine Learning Engineer at Northbridge Analytics, you will translate business requirements into technical specifications, validate data quality, and partner with stakeholders across the business. Core requirements include PyTorch, AWS, and Docker. Bonus points for exposure to MLOps.",2026-06-07
383,Business Analyst,Datavantis,Business Analyst,"Kathmandu, Nepal",Mid,"As a Business Analyst at Datavantis, you will automate reporting workflows, validate data quality, and partner with stakeholders across the business. Core requirements include functional specifications, UAT, and data validation. Bonus points for exposure to process mapping.",2026-01-13
384,Business Analyst,Kestrel Technologies,Business Analyst,"Sydney, Australia",Senior,"Kestrel Technologies is hiring a Business Analyst to support our data and analytics function. Responsibilities include support experimentation and A/B testing, automate reporting workflows, and collaborating with engineering and product teams. Ideal candidates have practical experience with Agile, process mapping, and Excel, along with a solid foundation in Jira.",2026-03-19
385,Senior Data Engineer,Vertex Insights,Data Engineer,"Berlin, Germany",Junior,"Join Vertex Insights as a Senior Data Engineer! In this role you'll design data pipelines and develop predictive models to help drive business decisions. We're looking for someone proficient in Spark and SQL, with working knowledge of data pipelines. Experience with PostgreSQL is preferred but not required.",2026-07-08
386,Data Governance Analyst,Skylark Data,Data Quality Analyst,"Toronto, Canada",Mid,"Join Skylark Data as a Data Governance Analyst! In this role you'll translate business requirements into technical specifications and analyze large datasets to help drive business decisions. We're looking for someone proficient in SQL and data cleansing, with working knowledge of ETL. Experience with metadata management is preferred but not required.",2026-02-17
387,AI Engineer,Meridian Labs,ML Engineer,Remote,Senior,"Meridian Labs is hiring a AI Engineer to support our data and analytics function. Responsibilities include optimize database queries, conduct root-cause analysis, and collaborating with engineering and product teams. Ideal candidates have practical experience with AWS, MLOps, and Docker, along with a solid foundation in PyTorch.",2026-02-04
388,Data Quality Specialist,Quanta Systems,Data Quality Analyst,"Berlin, Germany",Mid,"We are looking for a Data Quality Specialist to join our growing team. You will work closely with cross-functional stakeholders to design data pipelines and validate data quality. Strong hands-on experience with data cleansing, data governance, and data validation is required. Familiarity with metadata management is a plus. This is a great opportunity to grow your career in a fast-paced, data-driven environment.",2026-02-02
389,Applied ML Engineer,Anchorpoint AI,ML Engineer,"Sydney, Australia",Senior,"We are looking for a Applied ML Engineer to join our growing team. You will work closely with cross-functional stakeholders to analyze large datasets and automate reporting workflows. Strong hands-on experience with MLOps, Kubernetes, and Python is required. Familiarity with TensorFlow is a plus. This is a great opportunity to grow your career in a fast-paced, data-driven environment.",2026-06-14
390,Senior Data Engineer,Clarion Health,Data Engineer,"Toronto, Canada",Entry,"Join Clarion Health as a Senior Data Engineer! In this role you'll support experimentation and A/B testing and translate business requirements into technical specifications to help drive business decisions. We're looking for someone proficient in Airflow and Python, with working knowledge of ETL. Experience with SQL is preferred but not required.",2026-03-05
391,ETL Developer,Anchorpoint AI,Data Engineer,"Kathmandu, Nepal",Mid,"As a ETL Developer at Anchorpoint AI, you will optimize database queries, build and maintain dashboards, and partner with stakeholders across the business. Core requirements include Python, ETL, and SQL. Bonus points for exposure to Spark.",2026-05-07
392,Machine Learning Engineer,Northbridge Analytics,ML Engineer,"London, UK",Senior,"Northbridge Analytics is hiring a Machine Learning Engineer to support our data and analytics function. Responsibilities include support experimentation and A/B testing, build and maintain dashboards, and collaborating with engineering and product teams. Ideal candidates have practical experience with model deployment, MLOps, and Python, along with a solid foundation in CI/CD.",2026-01-17
393,Senior Data Engineer,Clarion Health,Data Engineer,"Kathmandu, Nepal",Entry,"Clarion Health is hiring a Senior Data Engineer to support our data and analytics function. Responsibilities include develop predictive models, analyze large datasets, and collaborating with engineering and product teams. Ideal candidates have practical experience with Spark, data modeling, and Kafka, along with a solid foundation in Airflow.",2026-05-11
394,Data Governance Analyst,BrightPath AI,Data Quality Analyst,"Kathmandu, Nepal",Junior,"We are looking for a Data Governance Analyst to join our growing team. You will work closely with cross-functional stakeholders to translate business requirements into technical specifications and analyze large datasets. Strong hands-on experience with ETL, data validation, and data cleansing is required. Familiarity with metadata management is a plus. This is a great opportunity to grow your career in a fast-paced, data-driven environment.",2026-01-15
395,ML Engineer,BrightPath AI,ML Engineer,"Bengaluru, India",Junior,"We are looking for a ML Engineer to join our growing team. You will work closely with cross-functional stakeholders to conduct root-cause analysis and analyze large datasets. Strong hands-on experience with TensorFlow, model deployment, and PyTorch is required. Familiarity with Kubernetes is a plus. This is a great opportunity to grow your career in a fast-paced, data-driven environment.",2026-06-01
396,Data Quality Specialist,Skylark Data,Data Quality Analyst,"Bengaluru, India",Junior,"As a Data Quality Specialist at Skylark Data, you will conduct root-cause analysis, develop predictive models, and partner with stakeholders across the business. Core requirements include metadata management, data governance, and Python. Bonus points for exposure to ETL.",2026-07-05
397,Data Governance Analyst,BrightPath AI,Data Quality Analyst,Remote,Mid,"As a Data Governance Analyst at BrightPath AI, you will validate data quality, automate reporting workflows, and partner with stakeholders across the business. Core requirements include SQL, metadata management, and Excel. Bonus points for exposure to ETL.",2026-05-24
398,Business Systems Analyst,BrightPath AI,Business Analyst,"Toronto, Canada",Mid,"As a Business Systems Analyst at BrightPath AI, you will automate reporting workflows, design data pipelines, and partner with stakeholders across the business. Core requirements include Agile, data validation, and Jira. Bonus points for exposure to SQL.",2026-05-04
399,Business Systems Analyst,Orbit Data Co,Business Analyst,"Kathmandu, Nepal",Senior,"Join Orbit Data Co as a Business Systems Analyst! In this role you'll document functional specifications and translate business requirements into technical specifications to help drive business decisions. We're looking for someone proficient in Jira and SQL, with working knowledge of functional specifications. Experience with process mapping is preferred but not required.",2026-01-23
400,Business Systems Analyst,Meridian Labs,Business Analyst,"Dublin, Ireland",Senior,"Join Meridian Labs as a Business Systems Analyst! In this role you'll optimize database queries and conduct root-cause analysis to help drive business decisions. We're looking for someone proficient in data validation and Jira, with working knowledge of Excel. Experience with Agile is preferred but not required.",2026-02-27
